Frequency (kHz),Shot noise measurement (dB),Total measured noise (dB),Total budgeted noise (dB),Shot noise average (dB)
19.968,0.0008778414393571109,3.3137707536137513,4.240453432868055,0.0
20.096,-0.0017162647563163376,3.3212570085126556,4.020021131643755,0.0
20.224,-0.022820808123521878,3.266773574768074,3.7148671524508576,0.0
20.352,-0.06612754838893863,3.1861788835573264,3.530121347759228,0.0
20.48,0.035019253620166405,3.0274108531748145,3.2896301431901707,0.0
20.608,0.1485255333857619,2.8537846070526456,3.132385059320982,0.0
20.736,0.06765418172951965,3.6230189410298856,3.2629164059127365,0.0
20.864,0.027628475486884078,3.57992257245762,3.2410698182474422,0.0
20.992,-0.01727994439345209,2.5439264137801336,2.7820770277530382,0.0
21.12,-0.028829138941744804,2.5633247141608564,2.5996409654643546,0.0
21.248,0.06024397342023312,2.5391486065483626,2.3897553307900385,0.0
21.376,0.04984925235915692,2.443028310178711,2.222988718517093,0.0
21.504,0.0016215006175142955,2.150583987876077,2.0326141946559546,0.0
21.632,0.00824989527108067,1.8593411536795,1.8512370845874992,0.0
21.76,0.02823909174429611,1.7217546796212992,1.7463033897005134,0.0
21.888,0.04178054005576196,1.5362650759577943,1.575750514175068,0.0
22.016000000000002,0.06868425164541153,1.4501004617892903,1.426822985292938,0.0
22.144000000000002,0.06198926474801561,1.221676367274441,1.334371807080741,0.0
22.272000000000002,0.05659134259721571,1.018161897548687,1.2448167886108155,0.0
22.400000000000002,0.0502783109249741,1.042080114550357,1.2454656251168057,0.0
22.528,0.02178284788504148,0.9963235209856524,1.2142523332235085,0.0
22.656,-0.0013440193021285042,0.9020810692933423,1.0882905474298787,0.0
22.784,-0.028695138577137413,0.7725818020457402,0.9841869054796687,0.0
22.912,-0.020322132950344428,0.8076957287114597,0.9967198943611151,0.0
23.04,0.0023081269789723188,0.9552576282467293,1.0880682871668892,0.0
23.168,0.04363113110504027,0.7870490943578718,0.9649116536260751,0.0
23.296,0.06436408949542559,0.7665445612017223,0.8399004728103929,0.0
23.424,0.05261503915806879,0.6739716816289183,0.824430522591907,0.0
23.552,0.0722699915839954,0.5104543920843427,0.7599394479957865,0.0
23.68,0.028057449726806124,0.4726320752502719,0.6896174973882578,0.0
23.808,-0.021361623041068423,0.5536559738772624,0.720820245148325,0.0
23.936,-0.02069400263518084,0.6809715179415317,0.9401757886179324,0.0
24.064,0.0015455351615778655,0.754643048025472,0.8380487200038056,0.0
24.192,0.027189420602600663,0.5401047086952981,0.5758357408140561,0.0
24.32,0.028449129080895568,0.408335216547664,0.5678973453365483,0.0
24.448,0.037918014440801784,0.37889518493488583,0.47864654822401514,0.0
24.576,0.028953789580323554,0.4792601284347361,0.49819514685341415,0.0
24.704,0.005894081294222643,0.5337244571118414,0.5749673509863763,0.0
24.832,0.004406244212610048,0.5888179272525389,0.5492497826987154,0.0
24.96,0.0444325574418589,0.5989560418071789,0.534105443220281,0.0
25.088,0.013399974655665529,1.1867435099510066,0.7252405013271297,0.0
25.216,0.04045540931360606,0.7527833403938727,0.38032199367512065,0.0
25.344,0.0011253392322877627,0.23123776930489637,0.2163104247297079,0.0
25.472,-0.033883951115909514,0.371962591944339,0.17060091533906988,0.0
25.6,0.0023941739921155346,0.3682424631687192,0.19132306168098084,0.0
25.728,0.04607238662299372,0.18450804358281794,0.1747110012925626,0.0
25.856,0.021611136732488302,0.18138923594565967,0.15159147277228607,0.0
25.984,0.0023372050304967815,0.19826949423623846,0.1289510899962884,0.0
26.112000000000002,-0.010432078943373162,0.09876266801702166,0.044060752021752136,0.0
26.240000000000002,0.0020125935044423325,0.18775991945937057,0.007785915735780149,0.0
26.368000000000002,0.04167597845859742,0.3092771786903712,0.11783507315182824,0.0
26.496000000000002,0.049115023199529234,0.47560759815725023,0.1897924679603705,0.0
26.624000000000002,0.07669507343739651,0.9126474446299742,0.3560233862969692,0.0
26.752,0.027408950818914493,2.349510345095334,1.6718791434303395,0.0
26.88,0.029707471767908028,4.467649968376297,4.346232574404314,0.0
27.008,0.0705626809890995,4.038677493804625,3.785736855918791,0.0
27.136,0.033645787539988696,1.8020919656916543,1.1142649072954065,0.0
27.264,0.018778597129688077,0.7045561154783769,0.3009111622918286,0.0
27.392,-0.006922842202137789,0.3834632938513365,0.09578971839947134,0.0
27.52,-0.00958405184297956,0.371962591944339,0.04625876801509363,0.0
27.648,0.01718573917682937,2.518988665255,0.9927339535063626,0.0
27.776,0.0008208625315266325,12.505303243288907,12.0140434644428,0.0
27.904,0.006800421709742443,12.986803687361013,12.712118499346534,0.0
28.032,-0.024470720455135098,3.430720153687737,2.1363600859970506,0.0
28.16,-0.03349244807966471,0.25035871891210354,0.11399213651833649,0.0
28.288,-0.0008863039375130056,0.029277987421856066,-0.013118183614903196,0.0
28.416,0.031366643603846604,-0.0015921811656807176,-0.09765354332830545,0.0
28.544,0.0173764947216969,-0.06989415802934829,-0.11822145489132803,0.0
28.672,0.010653092323645523,-0.10180408970083255,-0.11689838741996265,0.0
28.8,-0.005311302528042766,-0.08687913261114252,-0.12217755391740878,0.0
28.928,0.05092628492497829,-0.13970318101971196,-0.11337077280499605,0.0
29.056,0.04435578435572533,-0.07894464439587245,-0.11814236931771549,0.0
29.184,-0.016841014923308313,-0.0905413893333378,-0.12141907533756048,0.0
29.312,0.040026456096804226,-0.12422526982803778,-0.1375611948560649,0.0
29.44,0.02821010027639078,-0.09977314364546937,-0.09793841628197908,0.0
29.568,-0.009212063276887535,-0.04671021579147959,-0.07263010332414972,0.0
29.696,0.02624555498160167,-0.06133011908729234,-0.06408387217172774,0.0
29.824,-0.015238932172701614,-0.05466428071610661,-0.054691241715836836,0.0
29.952,-0.023030898593721216,-0.03739336901180073,-0.004349060182529068,0.0
30.080000000000002,-0.011748556928685396,-0.047778533935663454,0.016803301059855245,0.0
30.208000000000002,-0.01527758325189362,0.007458764151696333,-0.038836194787749474,0.0
30.336000000000002,0.008869584087377853,-0.08634554470394852,-0.12119852993808038,0.0
30.464000000000002,0.030003247536344067,-0.14329846979291802,-0.0814361397097148,0.0
30.592000000000002,-0.01974026321406362,0.026036056163726392,-0.10788754208636682,0.0
30.72,-0.0017257640516111766,0.15764298463871743,-0.042092898532527234,0.0
30.848,0.03145299467313993,0.3643038752711918,0.0807535900697377,0.0
30.976,0.06231341060685332,0.4669957975732552,0.11461511599572725,0.0
31.104,0.06303827484538632,0.236874273311607,-0.00524527689635676,0.0
31.232,0.04497585527380636,0.1742651348744444,-0.043071375606644445,0.0
31.36,0.05408284388994899,0.08982697635376465,-0.1296315477719491,0.0
31.488,0.009699126989252767,-0.02088500109382157,-0.06573739033615222,0.0
31.616,0.023146350774347978,-0.08417076365464239,-0.0043472734840771556,0.0
31.744,0.02446169435029962,0.006895320995565269,-0.11476057543713279,0.0
31.872,0.01178834647068496,-0.06989415802934829,-0.17323781557920956,0.0
32.0,0.0223642721663434,-0.2566329196834807,-0.22893691093897955,0.0
32.128,0.08004225434416644,-0.20522090022869294,-0.34896618255808803,0.0
32.256,0.04022675506998946,-0.2882668175634897,-0.3552838487123319,0.0
32.384,0.011969143486184965,-0.36837548344992854,-0.3045110724604758,0.0
32.512,0.01619397979965672,-0.2881520715955561,-0.3093581810525318,0.0
32.64,0.008106975116973445,-0.3255270153248194,-0.32212630259971703,0.0
32.768,-0.0024507096722873292,-0.43204235668154944,-0.27599871794765124,0.0
32.896,0.00665747770338905,-0.4500193949259639,-0.2929843674533774,0.0
33.024,0.02381411083972408,-0.44420179425992423,-0.2539597512824277,0.0
33.152,0.0180820168725465,-0.44285684515453283,-0.2449388372523757,0.0
33.28,0.07190795202920172,-0.3680317763371901,-0.24601117993995228,0.0
33.408,0.040598979832124175,-0.29218627175276435,-0.3416984056329703,0.0
33.536,0.008297337126012747,-0.197657940650007,-0.38320069715693633,0.0
33.664,0.0043682737432073964,-0.21568283749583636,-0.30203976543915956,0.0
33.792,0.015507265233084976,-0.24015331115047128,-0.2298927635609342,0.0
33.92,0.026608319232745915,-0.25992342239498817,-0.16726423408634605,0.0
34.048,0.016918555889167297,-0.18564147188622832,-0.03812256012945158,0.0
34.176,0.057650439364734206,-0.27399044148694174,-0.16250947286533576,0.0
34.304,0.048561949481309444,-0.28202978088285596,-0.3519989065224871,0.0
34.432,0.023194303340987404,-0.2881428674392027,-0.3293614691533287,0.0
34.56,-0.019587960190240013,-0.29893868015439445,-0.3821117057555546,0.0
34.688,-0.04109326319435862,-0.24692522337630693,-0.4150542894458186,0.0
34.816,0.0007063100544726932,-0.25373358974305193,-0.40574956795646855,0.0
34.944,0.042515389444062066,-0.4192252465503777,-0.44300155070277814,0.0
35.072,0.041408956691025636,-0.4085919329171328,-0.5040984697060985,0.0
35.2,0.057697612163172,-0.4163066374362975,-0.5202495594670447,0.0
35.328,0.06299997052550883,-0.42403193986824067,-0.5433254293173923,0.0
35.456,0.07612257045411455,-0.3858940597657154,-0.5692052308509641,0.0
35.584,0.023718212285119313,-0.45686689359870736,-0.5687407571375662,0.0
35.712,0.05730665985946308,-0.42407930968759394,-0.6732899287255417,0.0
35.84,0.059900886060200366,-0.5605123350840313,-0.7243064202098525,0.0
35.968,0.03510556838472541,-0.7111163443488334,-0.7167852261470348,0.0
36.096000000000004,0.07022000097777327,-0.6163783451353817,-0.6891958169787649,0.0
36.224000000000004,0.051785454592911576,-0.5888841378009686,-0.6114757527030676,0.0
36.352000000000004,0.028009524000908656,-0.6653684754907017,-0.5704135608759656,0.0
36.480000000000004,0.0036527366745987768,-0.6769081641057239,-0.7025974261821416,0.0
36.608000000000004,0.013896028035333902,-0.6807129837500046,-0.7982999890332126,0.0
36.736000000000004,0.025540103794156156,-0.6277458904572132,-0.7880569037626911,0.0
36.864000000000004,-0.004787453178523145,-0.647124814663113,-0.7006412453011296,0.0
36.992,0.020618698187841993,-0.6772604635151229,-0.7000372465048379,0.0
37.12,0.04397486170002786,-0.5933566582542703,-0.6957899726104968,0.0
37.248,0.03376049771115656,-0.6214898910725271,-0.6374719719293929,0.0
37.376,0.056658571954358854,-0.5524534617478877,-0.5902673328219161,0.0
37.504,0.05024939292570341,-0.5483427349658109,-0.6063061360546932,0.0
37.632,0.022345326163708715,-0.5657855953055669,-0.5871063281692434,0.0
37.76,0.053167854864360486,-0.5350682612958042,-0.49733746343688706,0.0
37.888,0.018883434729758668,-0.36783113198576145,-0.3938827227629946,0.0
38.016,-0.004385975516288221,-0.4882521281991331,-0.5494299383802536,0.0
38.144,-0.015563606583564513,-0.5174727047461827,-0.515955872289213,0.0
38.272,0.017214175051701686,-0.48913941149431156,-0.38211568338049573,0.0
38.4,0.020609223287741327,-0.5182835870244165,-0.4566375215201679,0.0
38.528,-0.0015060955055400931,-0.5274763577209928,-0.4590909573618338,0.0
38.656,0.02717995286739012,-0.4841986540559211,-0.3398732670556234,0.0
38.784,0.022488012229690095,-0.4828255347385768,-0.34341669940427066,0.0
38.912,0.07597958591669329,-0.3640928112566121,-0.40466894670418263,0.0
39.04,0.04665454894813837,-0.26002862163515783,-0.22846433572589492,0.0
39.168,0.026722530616345497,-0.1604077810345888,-0.0287876495550475,0.0
39.296,0.024662352568749907,-0.2391708976182096,-0.1573887613109812,0.0
39.424,0.053863986813329434,-0.1717463635342573,-0.23229187094810028,0.0
39.552,0.044270152036021845,-0.38321429750721053,-0.06455698797362845,0.0
39.68,0.04248644558804009,-0.33213518476887444,0.0676638998945783,0.0
39.808,0.033073987956559636,0.08640363609718789,0.34548989351875026,0.0
39.936,0.036059112093573764,0.49619697230359583,0.9770401300063364,0.0
40.064,0.04999207750879339,0.3945069264276275,0.517359484171823,0.0
40.192,0.12458849997666276,0.37426042582548175,0.40491621839922,0.0
40.32,0.028810618068542664,0.10479015230797958,-0.14972067719351284,0.0
40.448,0.0515181533569908,-0.2687162361188957,-0.4813748229021637,0.0
40.576,0.04892437316317441,-0.2080536168621824,-0.38900077681431255,0.0
40.704,0.018826573815570784,0.09569217084443815,-0.015572965234580856,0.0
40.832,0.015984238400126922,0.149794606409108,0.2799916748470204,0.0
40.96,0.02058079852542619,-0.2472965400730917,0.07398299258238984,0.0
41.088,0.003948807668771989,-0.557088900244933,-0.34226987513719764,0.0
41.216,0.01566961680420654,-0.5554764032623037,-0.5571331508682545,0.0
41.344,0.029221194513618723,-0.6687156189149956,-0.6839469897189059,0.0
41.472,0.018730620178803295,-0.7566926010497527,-0.6173948890991483,0.0
41.6,0.01611754919822131,-0.7657050160778646,-0.6521027183004735,0.0
41.728,0.011520997101764012,-0.8336445753025921,-0.6148123756758207,0.0
41.856,0.034809375100498474,-0.7209580266691472,-0.6226302171764826,0.0
41.984,0.020275818659897353,-0.7130621378973778,-0.6735030386130935,0.0
42.112,0.008774706369396361,-0.6531234915547202,-0.7256037441744634,0.0
42.24,0.01043373107553379,-0.6136889637897373,-0.7100326529123352,0.0
42.368,0.006647987561601707,-0.5180164348507563,-0.5027184928225426,0.0
42.496,0.02504412310476886,-0.3997509231352265,-0.23117177688302482,0.0
42.624,0.0008208625315266325,-0.6022449932287371,-0.5295021851917893,0.0
42.752,-0.03572371536539846,-0.6039521010587894,-0.6992657852259971,0.0
42.88,-0.030278261604628365,-0.5762377033409394,-0.6417441958794444,0.0
43.008,-0.01814775776836526,-0.5771632017346393,-0.5853315337166356,0.0
43.136,0.005970008728125406,-0.5249492989788308,-0.5897495201602195,0.0
43.264,-0.0052732897207644494,-0.5670356613866075,-0.6400030828128958,0.0
43.392,0.0908385601485204,-0.6375216146508564,-0.6658959055614551,0.0
43.52,0.15603108262313328,-0.5886364024544405,-0.6741598217281941,0.0
43.648,0.07043903512133896,-0.678080625689526,-0.6515160144163762,0.0
43.776,0.0018410845277167028,-0.6250185422864867,-0.6529808677516653,0.0
43.904,0.06002468203118559,-0.7410621264903112,-0.690455179050916,0.0
44.032000000000004,0.05284336751941213,-0.7498920200742452,-0.7052633766290204,0.0
44.160000000000004,0.04003590983951549,-0.7541083356995176,-0.7681273136322682,0.0
44.288000000000004,0.04809443601278532,-0.8070749399452555,-0.8084332120774796,0.0
44.416000000000004,0.01075802804283637,-0.7351484281692157,-0.7466626128642917,0.0
44.544000000000004,-0.03532378529217421,-0.6976790795239102,-0.7353107790588826,0.0
44.672000000000004,-0.011481679126828322,-0.6978411761226498,-0.7252754012410636,0.0
44.800000000000004,0.006580963140019085,-0.6424800780597005,-0.7242511009384921,0.0
44.928000000000004,0.016317807796213883,-0.6376544850049726,-0.7067154376787541,0.0
45.056,0.03286406242729906,-0.6521597903348981,-0.706802884039126,0.0
45.184,0.005322231484395673,-0.7985401020458796,-0.6963888661315532,0.0
45.312,0.026722530616345497,-0.6736938513719604,-0.7450277964292469,0.0
45.44,0.03877669889675221,-0.6539055375321312,-0.7720941044313689,0.0
45.568,0.003719783695481693,-0.7467741433990362,-0.7863906478664693,0.0
45.696,-0.03378801038338097,-0.6906404444496871,-0.7558610348614458,0.0
45.824,0.01603223052314668,-0.6553360574920748,-0.7456387402756031,0.0
45.952,0.011464087969857976,-0.5863753499591118,-0.7990816970969032,0.0
46.08,-0.00654146301332491,-0.6759257798489006,-0.747620160437952,0.0
46.208,-0.010051139919189883,-0.6663887624812886,-0.7015407420523766,0.0
46.336,0.03319757554331534,-0.6238838349515659,-0.7219690823414924,0.0
46.464,0.09424253781162101,-0.7105629681172044,-0.7274572527076781,0.0
46.592,0.059910318196274286,-0.6545628433980584,-0.7212323666984239,0.0
46.72,0.05378788696898287,-0.5932231927148656,-0.7215363860365182,0.0
46.848,0.025864429072997193,-0.6323240184317296,-0.7573366595918906,0.0
46.976,0.005522739127025652,-0.6022634432157083,-0.7311592966301304,0.0
47.104,0.00637098948010228,-0.5808439693271332,-0.7083731297902007,0.0
47.232,0.0173764947216969,-0.5901426154275641,-0.7362986321253102,0.0
47.36,0.0040728103571225005,-0.6166357946477664,-0.7367662768004263,0.0
47.488,-0.01238814601397201,-0.5490679787922926,-0.7053083946599201,0.0
47.616,0.028963255382227056,-0.5877776412873794,-0.7158135541095723,0.0
47.744,0.048199510676477035,-0.5583377152412277,-0.6804775207784679,0.0
47.872,0.009785100814747361,-0.43340622275608187,-0.6811915156124748,0.0
48.0,0.044642203566620894,-0.42840912938250625,-0.5950976398316068,0.0
48.128,0.07283274181101904,-0.6054584267233014,-0.643891191487149,0.0
48.256,0.011616437621388621,-0.5202578694762795,-0.6150327718461583,0.0
48.384,0.045194936415161494,-0.49848493684564166,-0.6089042176965533,0.0
48.512,0.043010964178526075,-0.6091212815149248,-0.6270958477250173,0.0
48.64,0.016976021724601754,-0.6026928936400633,-0.6615599297701648,0.0
48.768,-0.000514094049948357,-0.5783362334429447,-0.7094740902288224,0.0
48.896,-0.014790592222808856,-0.5829137774951708,-0.6886432377930727,0.0
49.024,-0.012616412258250087,-0.5930229982509336,-0.6596856294488979,0.0
49.152,-0.014905350775556065,-0.5539319017371882,-0.6559784973570953,0.0
49.28,-0.0035278495422204383,-0.5977144812680277,-0.6893529053104362,0.0
49.408,0.022974666575003237,-0.6232447901710019,-0.6689318644708302,0.0
49.536,-0.012502278386253257,-0.620441074523965,-0.6993764459125997,0.0
49.664,-0.028848196939292164,-0.48746036875225907,-0.6780226369116318,0.0
49.792,-0.01924469324558659,-0.5191222714085932,-0.6385915112138247,0.0
49.92,0.05903308572102063,-0.6042187277656482,-0.648643384864416,0.0
50.048,0.04139005218393717,-0.5152225406790921,-0.6080291644238557,0.0
50.176,-0.006713140980758186,-0.48959658929522837,-0.628193996740027,0.0
50.304,0.00011453045137893564,-0.5993838109647927,-0.6176943888105171,0.0
50.432,0.014630277271877464,-0.6010051166778366,-0.6375076509146503,0.0
50.56,-0.0051016402095775855,-0.5274763577209928,-0.6312448959322402,0.0
50.688,-0.026616313299188833,-0.544433657813358,-0.596705102539337,0.0
50.816,-0.01584012457981335,-0.5717847644308844,-0.5632196419134197,0.0
50.944,0.03003223301976853,-0.5616083978909225,-0.6791968728298399,0.0
51.072,0.007286769590231841,-0.6229393153133915,-0.6649076460268939,0.0
51.2,0.02739948332298918,-0.5779828481044731,-0.596831504500359,0.0
51.328,0.005293163424247455,-0.5051222546696668,-0.5663201263500229,0.0
51.456,-0.016355125646088188,-0.3977100076271006,-0.5345781498276405,0.0
51.584,-1.9026188902569477e-05,-0.39251293504332235,-0.6065023365182016,0.0
51.712,0.014582277402002849,-0.5545513144679208,-0.6500762336998651,0.0
51.84,-0.018844331434826674,-0.540017202936397,-0.6356361998666615,0.0
51.968,-0.007962512261623712,-0.5351061396381946,-0.639942631453013,0.0
52.096000000000004,0.026922544861901238,-0.4744904400257629,-0.6226009482788533,0.0
52.224000000000004,0.01100583730815284,-0.4257006351574066,-0.5893779192259322,0.0
52.352000000000004,0.03291196137509291,-0.47914403565935626,-0.6043463945409977,0.0
52.480000000000004,0.04546243231082512,-0.5416678981485358,-0.5947872841163184,0.0
52.608000000000004,0.005923147343422408,-0.5136291320403084,-0.5610387636569305,0.0
52.736000000000004,-0.0008198155147628198,-0.5098432823620792,-0.5336760301477477,0.0
52.864000000000004,0.0550372558425129,-0.572986236956154,-0.5730557910183892,0.0
52.992000000000004,0.061064498534577016,-0.5272190143992903,-0.5680311874546915,0.0
53.120000000000005,0.006190075900108814,-0.41001248243281935,-0.5186870574628564,0.0
53.248000000000005,-0.0031852166953038677,-0.39730051505098996,-0.5710868699681617,0.0
53.376,-0.0010768673260482826,-0.3700440496199049,-0.5678559299784617,0.0
53.504,-0.009879395963659068,-0.21600657217355115,-0.5258334434963776,0.0
53.632,0.000543678554299367,-0.264863044846554,-0.5124201982551795,0.0
53.76,0.02340327871964616,-0.42062697593696696,-0.5025178459503934,0.0
53.888,-0.005463949382595589,-0.3490153267351556,-0.43394912813528896,0.0
54.016,0.0030712452277561614,-0.3728294234606661,-0.46587882814064097,0.0
54.144,-0.0010293745016288372,-0.40534912216901364,-0.5091399817175165,0.0
54.272,0.011616437621388621,-0.3426925431172131,-0.4705487106650688,0.0
54.4,0.029268521962938398,-0.31751567545317927,-0.4568511436499042,0.0
54.528,0.035982264959981344,-0.38076296784100994,-0.44223591167840476,0.0
54.656,0.02790538817878526,-0.3487199633656168,-0.47233931852020067,0.0
54.784,-0.0014111054224226949,-0.39265639363666166,-0.47679625434848016,0.0
54.912,0.03448538365423315,-0.44408746861069837,-0.4181435045246181,0.0
55.04,0.052462226902037265,-0.3261272701625756,-0.4582471513013476,0.0
55.168,0.03728916481996834,-0.34682196814802346,-0.4373750344573312,0.0
55.296,-0.030259200469073752,-0.3086081513940227,-0.4020625964025856,0.0
55.424,-0.02422309457566302,-0.3262899747181702,-0.395979298527659,0.0
55.552,0.005092650481895405,-0.2650448011579591,-0.4574375951395877,0.0
55.68,0.03405613549869799,-0.32772979632721694,-0.42438865826241073,0.0
55.808,0.01864532716734532,-0.2604292466857178,-0.3550183728823525,0.0
55.936,0.03755631326634718,-0.1048562058378796,-0.24300764139560932,0.0
56.064,0.05943398252221255,-0.13149190906672942,-0.1907439395941105,0.0
56.192,0.06863654956130052,-0.20893036573210644,-0.3091704275360939,0.0
56.32,0.06427806499544965,-0.21476646602644328,-0.32736872790040605,0.0
56.448,0.03851963433881723,-0.14985031860768158,-0.22763870017639531,0.0
56.576,0.03831929599464254,-0.15202469502904653,-0.16506768749598894,0.0
56.704,0.01217898186094281,-0.11782628983471083,-0.16500166320276405,0.0
56.832,-0.013713243889879463,-0.001487097405810778,-0.08801001101593195,0.0
56.96,-0.023317177357570558,-0.08620226095004839,-0.11342696339817263,0.0
57.088,-0.03612425991587162,-0.09571027495371669,-0.2779074034395084,0.0
57.216,0.010720085330243479,-0.15181448154105162,-0.32659030456811766,0.0
57.344,0.010128987607198485,-0.2724835488482083,-0.2767342035471231,0.0
57.472,0.007649140367454461,-0.27536341151730565,-0.3087357041243683,0.0
57.6,0.024472348885511107,-0.23714052168409322,-0.2986185603494424,0.0
57.728,0.02860177274710961,-0.300635744812302,-0.33692970118316945,0.0
57.856,-0.0032802261824345256,-0.33478689369420134,-0.3576143927968947,0.0
57.984,0.03192022187120244,-0.21707461706051978,-0.34615173336030725,0.0
58.112,0.0015740222854115807,-0.1862424464728009,-0.2871231756058926,0.0
58.24,5.622468489738773e-07,-0.116509880126341,-0.23703705488425603,0.0
58.368,0.016537020494771282,-0.12430113964920042,-0.17843857198585716,0.0
58.496,0.0028712743776395325,-0.21192486890774823,-0.2025744566369948,0.0
58.624,-0.016050046270107206,0.013933364240094046,-0.37171739093626976,0.0
58.752,0.04714988758523174,0.7483297443059864,0.012114204902694586,0.0
58.88,0.02595971211797212,0.22682250573405854,-0.2714564557578535,0.0
59.008,0.01634683898492912,-0.06136837801479143,-0.16202359740554023,0.0
59.136,-0.018443988077236274,-0.19295605436322996,-0.23900474136356378,0.0
59.264,-0.019082285709920835,-0.2232073101097386,-0.2030233939892946,0.0
59.392,-0.017661200591869635,-0.162181407444496,-0.18634911172226426,0.0
59.52,-0.0335687212597374,-0.09595814675180167,-0.1243560837690929,0.0
59.648,-0.02111408578167557,0.014811015142806095,-0.10947158471246653,0.0
59.776,0.16746591212005224,0.0283242906001367,-0.16064164364955041,0.0
59.904,0.07345254897807195,0.2177247412672974,0.06486589001748072,0.0
60.032000000000004,0.006180585247626651,0.07343371408423073,-0.00938835428539311,0.0
60.160000000000004,-0.035848287509993,-0.05097352949522732,-0.1152103300908763,0.0
60.288000000000004,-0.01303610491345919,0.00848828797167688,-0.01081184620025939,0.0
60.416000000000004,0.021534161665616926,0.004673219389036697,-0.04092156137291802,0.0
60.544000000000004,-0.028972074942622484,0.07942232905794709,-0.05541780993051594,0.0
60.672000000000004,-0.012502278386253257,0.06975247414056854,-0.031021944174613063,0.0
60.800000000000004,0.0021746040640396847,0.05285280732245992,-0.005586697714488165,0.0
60.928000000000004,0.0878246094864257,0.027714272029761688,-0.03047015779730502,0.0
61.056000000000004,0.07325242614258111,0.07127802610309006,0.022952469139711672,0.0
61.184000000000005,0.02216356085085153,0.05715393012231104,0.002248211470638248,0.0
61.312000000000005,-0.011557759268144884,0.03370314281493868,-0.016925640558082492,0.0
61.44,-0.03344477768223712,0.023059917084360913,-0.03404489838295712,0.0
61.568,-0.027532102252733077,0.14299429464477129,-0.011029101645087656,0.0
61.696,-0.037659851827571596,0.2199080553599157,0.05633459008337769,0.0
61.824,0.00608508497985875,0.19949013283628486,0.10568093156798729,0.0
61.952,-0.008696891365213587,0.3089718579280174,0.04709869172776202,0.0
62.08,-0.027856641015250566,0.3139690614189134,0.05320131174401138,0.0
62.208,0.013142157947702297,0.1798823216159909,0.10648527649422654,0.0
62.336,0.07926057656745596,0.1940638233976824,0.17690281360436125,0.0
62.464,0.06975247414056827,0.27559346039870375,0.1148134107117415,0.0
62.592,0.09291716541579738,0.29977856839398304,0.1917432762872848,0.0
62.72,0.04531953265859639,0.33348191294849566,0.1985730905663901,0.0
62.848,-0.005549480310348296,0.42157268599347364,0.13775600040654754,0.0
62.976,-0.018310147831136676,0.29782345340720373,0.1932622471695705,0.0
63.104,-0.0062652408797564665,0.2998835093201514,0.24861750958425738,0.0
63.232,-0.0061220840472183844,0.5656818422518333,0.33696110133612955,0.0
63.36,-0.01768023410119448,0.9075361666870301,0.4264849019856832,0.0
63.488,-0.02777982248796692,0.5741697303147301,0.3222416927483382,0.0
63.616,0.021305600908705882,0.3563222051147087,0.3211545298238534,0.0
63.744,0.002508704211350939,0.477925371599956,0.433853695103898,0.0
63.872,0.040408142780038694,0.8980566821960024,0.6677064879148034,0.0
64.0,0.020256275895668596,1.3183978496852684,1.1071220577372127,0.0
64.128,-0.008715905241035446,0.9494881531568884,0.7409576049493815,0.0
64.256,0.040265159950106176,1.0301687791836973,0.8228413941794742,0.0
64.384,0.12949990295283023,1.6601857469058448,1.4684980146446494,0.0
64.512,0.010252902097227116,2.5180634382032547,2.3912709860869983,0.0
64.64,-0.05744890935787963,3.4086040494484733,3.4773873499061803,0.0
64.768,-0.03669709456122452,4.309292275997506,4.4685201488897865,0.0
64.896,0.002413756986373158,4.4598586056979155,4.637874005783368,0.0
65.024,0.10971158750129822,3.5421371241613326,3.670059261949596,0.0
65.152,0.014601240345254486,2.4194536031136638,2.402586230819226,0.0
65.28,0.004091796258393335,1.5808488269881211,1.4395411688159379,0.0
65.408,0.028143242032534176,1.1186319862414111,0.8883516837674004,0.0
65.536,0.022574451610887496,1.1004261091880123,0.8752254080348353,0.0
65.664,0.003719783695481693,1.0270793542491083,0.8608728043972248,0.0
65.792,-0.001449101331010363,0.8733563423541237,0.7257521080401546,0.0
65.92,-0.014209092915341642,0.7733925685597459,0.577703158285165,0.0
66.048,0.015583701204816808,0.7898624842415278,0.5621408629615006,0.0
66.176,-0.0009723834551008887,0.8646396050488752,0.6547083045611215,0.0
66.304,-0.028285408064690876,0.8191494115173376,0.6014801284593709,0.0
66.432,-0.013293518515573408,0.7877831571527926,0.6487210648033583,0.0
66.56,-0.00858280898434296,0.7940868201857134,0.6284913627474166,0.0
66.688,0.0013449356859131744,0.7974914529331133,0.6648900254219031,0.0
66.816,0.004377766376119593,0.7238109937542513,0.6023396947119742,0.0
66.944,-0.01100441031818946,0.6435013113373066,0.5294717202463375,0.0
67.072,-0.06306568968979842,0.6892400753858019,0.5716191128829625,0.0
67.2,-0.041074178310589016,0.8284288398742561,0.6321573012242954,0.0
67.328,-0.007323843053745033,0.8354956728240349,0.6283354469262747,0.0
67.456,-0.005474046739940685,0.8740241036204961,0.6765867687316972,0.0
67.584,0.0020220887121777976,0.7859234832001141,0.6215088706759586,0.0
67.712,0.01451590677459881,0.740757746816082,0.6437235814700863,0.0
67.84,-0.028895842116106345,0.7675085847479092,0.6213628278895622,0.0
67.968,-0.028695138577137413,0.8683969845773936,0.5888630618854733,0.0
68.096,-0.0500576538847896,0.9894949696074756,0.6458023735088674,0.0
68.224,-0.026435310525852178,1.064110059456362,0.7384813455666861,0.0
68.352,-0.009917428934426886,0.9655768417568239,0.774372662840621,0.0
68.48,0.007277280135981275,0.9325224553212196,0.6904743201321162,0.0
68.608,-0.0055595777671258945,0.9672359551135488,0.6671331960764961,0.0
68.736,-0.05609442043420779,0.8739666695808852,0.6791913867019113,0.0
68.864,-0.0633999299828109,0.9022998954027261,0.7286031933123415,0.0
68.992,-0.042848058870877566,1.0308752009198676,0.8476253107204954,0.0
69.12,-0.02591078102908281,1.3716987341712226,1.0427004086612603,0.0
69.248,0.09347975403318759,1.6628462843413487,1.3725479921751886,0.0
69.376,-0.030917429524120146,1.4359098940527688,1.0572578093776293,0.0
69.504,-0.06894038610224514,1.1623865124859027,0.8203776839064842,0.0
69.632,-0.05392958871241384,1.129227622529061,0.8063927169189937,0.0
69.76,-0.03011624328571511,1.1146357092409147,0.8489025186985757,0.0
69.888,-0.05410101128829303,1.1992172727404562,0.9375266813384249,0.0
70.016,-0.03692540443368646,1.268282764880058,1.0009563340458074,0.0
70.144,-0.025939358437777532,1.1448294574580713,0.8980590693691743,0.0
70.272,-0.052441878416239235,1.1757854802515266,0.8895284085267261,0.0
70.4,-0.033149227057570195,1.2301926727200574,0.9204175992633872,0.0
70.528,-0.00958405184297956,1.3133627452052956,1.0367959488075082,0.0
70.656,-0.04537530121106665,1.277389952457746,0.9951012889091069,0.0
70.784,-0.04040683015171484,1.4044292323880203,1.05274713609233,0.0
70.912,-0.06944597988293419,1.4857586847866633,1.0562747999578084,0.0
71.04,-0.05061110823849023,1.32455894717287,1.0543460960311202,0.0
71.168,-0.04024462279569098,1.3298901088411963,1.0419464419043676,0.0
71.296,-0.032424693879129954,1.4600472272718612,1.1554468185648195,0.0
71.424,-0.006150596423208141,1.5451245315446205,1.2027806540205075,0.0
71.552,-0.010098682098703952,1.5083131987722587,1.2242808913017353,0.0
71.68,0.017834409411978027,1.5470794335479356,1.2387353278407744,0.0
71.808,-0.023660010080524402,1.546650237360287,1.2187277138029327,0.0
71.936,-0.05661898349645273,2.1105388487752,1.8882675093941086,0.0
72.06400000000001,-0.07466279312251539,2.0472437420334724,1.8113204995662069,0.0
72.19200000000001,-0.07764729006704359,1.613846148783498,1.2585980604164497,0.0
72.32000000000001,-0.06290365653809576,1.7195328864202182,1.3791382773973326,0.0
72.44800000000001,-0.010470708638564514,1.8170552271007554,1.5600525838295103,0.0
72.57600000000001,-0.024051070175613407,2.025566399004266,1.7647953960034508,0.0
72.70400000000001,-0.026778861767467514,2.2171602164239985,1.9816069581446296,0.0
72.83200000000001,-0.03865193131774429,2.4003514365212806,2.154097751093425,0.0
72.96000000000001,-0.037745700381855075,2.307739374783905,2.077301925504039,0.0
73.08800000000001,-0.03103240134504761,2.1565727597641104,1.9050507512263004,0.0
73.21600000000001,-0.02081835941001134,1.9237998356768837,1.6266987248667268,0.0
73.34400000000001,-0.01563020796280871,1.8480495771249903,1.5171047593757159,0.0
73.47200000000001,-0.01950229091291279,2.0100216736719045,1.605841504889751,0.0
73.60000000000001,-0.03941514650084593,2.0314413589221028,1.6687354520331352,0.0
73.72800000000001,-0.016688762727521917,2.0372583571255336,1.7084943431893416,0.0
73.856,-0.04708202334423538,2.473421935968946,2.1758593919101257,0.0
73.984,-0.07416647444697459,3.477793140698404,3.3319159141869914,0.0
74.112,-0.09134277010357199,3.3667953267906805,3.1250659939438457,0.0
74.24,-0.0734415050109973,2.6640136761259967,2.379026931250382,0.0
74.368,-0.025347587118368556,2.27942528951157,1.9603264746295657,0.0
74.496,-0.017556517036116097,2.200794421388084,1.89291884795714,0.0
74.624,-0.004948999722101527,2.195845241950024,2.0147277734618054,0.0
74.752,-0.03679187521577213,2.3293883643254722,2.069281778037802,0.0
74.88,-0.050448710209292966,2.4809840136674186,2.2223456743934413,0.0
75.008,-0.005187761512633388,2.4726106210385717,2.232284732146423,0.0
75.136,-0.014819727670316264,2.3597147029313312,2.168588474230112,0.0
75.264,-0.06494513635493304,2.2436620488623262,2.0225322130713073,0.0
75.392,-0.04060661175683263,2.457400409381986,2.2093350085990067,0.0
75.52,-0.014247144849352734,2.5758076705674076,2.2878187860464148,0.0
75.648,0.002108138558995182,2.610616816021007,2.3001260649692985,0.0
75.776,0.010166340008018547,2.6079754854995385,2.2574723903247924,0.0
75.904,0.009441793350242426,2.414808650432288,2.163744653725483,0.0
76.032,0.012932342840860834,2.2437482390739567,2.025705108602071,0.0
76.16,0.036564512840069105,2.293692100785241,2.0815321931668054,0.0
76.288,-0.00618920708154909,2.2988801498807003,2.0233600333435025,0.0
76.416,-0.04636706885041402,2.591677656217506,2.2522099802098077,0.0
76.544,-0.0182720780934272,3.0069551469193136,2.69733325860945,0.0
76.672,0.010366735860281466,3.172179135513768,2.9439574219594555,0.0
76.8,0.030003247536344067,3.4415634180442174,3.2020382190999905,0.0
76.928,-0.026625839865426555,3.294391933606513,3.0696864559637183,0.0
77.056,-0.08224460697628708,2.9864982916269254,2.756155452217372,0.0
77.184,-0.08887228339414452,2.8272446525172494,2.5158397553624368,0.0
77.312,-0.031632900664545834,2.763653290932756,2.5083435984595774,0.0
77.44,-0.024051070175613407,2.683210426985332,2.477200843503852,0.0
77.568,-0.0020784327418212198,2.6812938370060446,2.4684624256276657,0.0
77.696,-0.009917428934426886,2.6724437947095985,2.4845489796911475,0.0
77.824,0.005865608335392729,2.7885633432781587,2.542328964619064,0.0
77.952,-0.03325350284352885,2.8629501080274613,2.5212376625489425,0.0
78.08,-0.02666454164821913,2.715245064081611,2.441350535473909,0.0
78.208,-0.004395477731754289,2.9369744390580395,2.6184850470050796,0.0
78.336,-0.037631831996988795,3.6011700654156127,3.0660905468992365,0.0
78.464,-0.00993644548226143,3.2579805948133815,2.8490760110811193,0.0
78.592,-0.02294460019354682,2.9760933283016984,2.7069828898435,0.0
78.72,-0.044755354773297853,3.071890806580562,2.763705095396814,0.0
78.848,-0.024871341695049957,3.0420496880916486,2.768597817863181,0.0
78.976,-0.0028319092830535685,3.4988504261742563,3.286972560173225,0.0
79.104,-0.04385922552556404,3.768893263187056,3.6163929262783814,0.0
79.232,-0.04178929370090795,3.182859745811799,2.945188064753139,0.0
79.36,0.1019863729335032,3.193836692912066,2.9579394991210046,0.0
79.488,0.03541061917324382,3.3270360277214364,3.062887701104888,0.0
79.616,-0.06341906398451053,3.5412227163784515,3.213009471954077,0.0
79.744,-0.05975686664720765,3.354282999510998,3.1371246206632426,0.0
79.872,0.0039772869116903795,3.6393365189116302,3.526514447576643,0.0
80.0,0.007496128037163903,4.500275382046986,4.448563468164959,0.0
