3.000000000000E+4, 3.000000000025E+4, 1.483918944540E-4, -7.005770133073E+1, 1.103991952963E+0, 0.000000000000E+0, -1.299021989899E+2, -2.793273159907E+1, 5.984449765921E+1
3.007247052677E+4, 3.007247052690E+4, 1.481708028905E-4, -7.110000763753E+1, 1.103991952963E+0, 0.000000000000E+0, -1.299428414766E+2, -2.794780686298E+1, 5.884283383905E+1
3.014511611945E+4, 3.014511611958E+4, 1.490203744267E-4, -7.061456543363E+1, 1.103991952963E+0, 0.000000000000E+0, -1.299277638780E+2, -2.789919374711E+1, 5.931319844438E+1
3.021793720094E+4, 3.021793720059E+4, 1.473595672211E-4, -6.980231266318E+1, 1.103991952963E+0, 0.000000000000E+0, -1.299031706886E+2, -2.799351542710E+1, 6.010085802543E+1
3.029093419517E+4, 3.029093419517E+4, 1.608071369251E-4, -7.601710885273E+1, 1.103991952963E+0, 0.000000000000E+0, -1.301732355148E+2, -2.726314865854E+1, 5.415612666203E+1
3.036410752708E+4, 3.036410752710E+4, 1.507309995724E-4, -7.099460243446E+1, 1.103991952963E+0, 0.000000000000E+0, -1.299560425548E+2, -2.780462943113E+1, 5.896144012032E+1
3.043745762266E+4, 3.043745762238E+4, 1.633677882373E-4, -7.862051252342E+1, 1.103991952963E+0, 0.000000000000E+0, -1.303089599013E+2, -2.712985365635E+1, 5.168844737787E+1
3.051098490891E+4, 3.051098490925E+4, 1.559697923558E-4, -7.534472302781E+1, 1.103991952963E+0, 0.000000000000E+0, -1.301532468614E+2, -2.751766286622E+1, 5.480852383364E+1
3.058468981386E+4, 3.058468981372E+4, 1.755137628623E-4, -8.899430053528E+1, 1.103991952963E+0, 0.000000000000E+0, -1.308192894605E+2, -2.651637139550E+1, 4.182498892518E+1
3.065857276659E+4, 3.065857276628E+4, 1.598871767566E-4, -7.649234270547E+1, 1.103991952963E+0, 0.000000000000E+0, -1.302153759657E+2, -2.731012024311E+1, 5.372303326019E+1
3.073263419721E+4, 3.073263419740E+4, 1.723291981236E-4, -1.017604323196E+2, 1.103991952963E+0, 0.000000000000E+0, -1.313487328033E+2, -2.663049708913E+1, 2.958830048367E+1
3.080687453685E+4, 3.080687453682E+4, 1.709855754188E-4, -8.298442872801E+1, 1.103991952963E+0, 0.000000000000E+0, -1.305456493906E+2, -2.674594775147E+1, 4.756122066261E+1
3.088129421771E+4, 3.088129421801E+4, 1.774217520651E-4, -8.882444465171E+1, 1.103991952963E+0, 0.000000000000E+0, -1.308361672760E+2, -2.642780923861E+1, 4.201172262432E+1
3.095589367302E+4, 3.095589367295E+4, 1.711415531020E-4, -9.281258769638E+1, 1.103991952963E+0, 0.000000000000E+0, -1.309849920060E+2, -2.671621264424E+1, 3.817240430966E+1
3.103067333706E+4, 3.103067333733E+4, 1.802889224297E-4, -9.924978853112E+1, 1.103991952963E+0, 0.000000000000E+0, -1.313238843128E+2, -2.626262974350E+1, 3.207409578171E+1
3.110563364515E+4, 3.110563364537E+4, 1.783518938500E-4, -9.492346111863E+1, 1.103991952963E+0, 0.000000000000E+0, -1.311326007440E+2, -2.636686087222E+1, 3.620913962533E+1
3.118077503367E+4, 3.118077503352E+4, 1.857288896783E-4, -9.392917831816E+1, 1.103991952963E+0, 0.000000000000E+0, -1.311352725203E+2, -2.603379519729E+1, 3.720609420211E+1
3.125609794007E+4, 3.125609793972E+4, 1.711893138293E-4, -1.064659076493E+2, 1.103991952963E+0, 0.000000000000E+0, -1.315793771498E+2, -2.666444724055E+1, 2.511346950046E+1
3.133160280282E+4, 3.133160280267E+4, 1.844153946160E-4, -1.066418520170E+2, 1.103991952963E+0, 0.000000000000E+0, -1.316840194346E+2, -2.604486933392E+1, 2.504216741759E+1
3.140729006147E+4, 3.140729006180E+4, 1.367038856094E-4, -1.171246589495E+2, 1.103991952963E+0, 0.000000000000E+0, -1.315372803834E+2, -2.851470911090E+1, 1.441262143390E+1
3.148316015664E+4, 3.148316015654E+4, 1.903599865976E-4, -1.127659190252E+2, 1.103991952963E+0, 0.000000000000E+0, -1.319863861390E+2, -2.575035386399E+1, 1.922046711388E+1
3.155921353001E+4, 3.155921353006E+4, 1.316198636712E-4, -1.280677686346E+2, 1.103991952963E+0, 0.000000000000E+0, -1.317286309612E+2, -2.878813816060E+1, 3.660862326594E+0
3.163545062431E+4, 3.163545062403E+4, 1.580985997538E-4, -1.235068269091E+2, 1.103991952963E+0, 0.000000000000E+0, -1.319805281552E+2, -2.725456068371E+1, 8.473701246100E+0
3.171187188335E+4, 3.171187188311E+4, 1.455615721996E-4, -1.299431476344E+2, 1.103991952963E+0, 0.000000000000E+0, -1.319670433359E+2, -2.792238122556E+1, 2.023895701518E+0
3.178847775203E+4, 3.178847775196E+4, 1.603823938045E-4, -1.189610298237E+2, 1.103991952963E+0, 0.000000000000E+0, -1.318841502819E+2, -2.715694746119E+1, 1.292312045815E+1
3.186526867629E+4, 3.186526867598E+4, 1.596220123792E-4, -1.306336734913E+2, 1.103991952963E+0, 0.000000000000E+0, -1.321968007998E+2, -2.713405293988E+1, 1.563127308439E+0
3.194224510318E+4, 3.194224510281E+4, 1.752849777841E-4, -1.162933533271E+2, 1.103991952963E+0, 0.000000000000E+0, -1.319852162120E+2, -2.642294522586E+1, 1.569186288493E+1
3.201940748080E+4, 3.201940748085E+4, 1.556660523252E-4, -1.318382591738E+2, 1.103991952963E+0, 0.000000000000E+0, -1.321696316490E+2, -2.734127569105E+1, 3.313724752096E-1
3.209675625837E+4, 3.209675625847E+4, 1.717375345342E-4, -1.168809979087E+2, 1.103991952963E+0, 0.000000000000E+0, -1.319693497032E+2, -2.659108289432E+1, 1.508835179450E+1
3.217429188616E+4, 3.217429188631E+4, 1.336037273866E-4, -1.338973853656E+2, 1.103991952963E+0, 0.000000000000E+0, -1.319031856281E+2, -2.863351195051E+1, -1.994199737517E+0
3.225201481554E+4, 3.225201481573E+4, 1.721354877085E-4, -1.212510778036E+2, 1.103991952963E+0, 0.000000000000E+0, -1.321212706124E+2, -2.654907064789E+1, 1.087019280875E+1
3.232992549898E+4, 3.232992549886E+4, 1.288612075415E-4, -1.319569510577E+2, 1.103991952963E+0, 0.000000000000E+0, -1.318126651064E+2, -2.895059604205E+1, -1.442859513409E-1
3.240802439002E+4, 3.240802439006E+4, 1.534246209007E-4, -1.244027449421E+2, 1.103991952963E+0, 0.000000000000E+0, -1.319845758677E+2, -2.750531487892E+1, 7.581830925615E+0
3.248631194332E+4, 3.248631194367E+4, 1.280720135021E-4, -1.332113468691E+2, 1.103991952963E+0, 0.000000000000E+0, -1.318365148167E+2, -2.899720008395E+1, -1.374832052411E+0
3.256478861463E+4, 3.256478861481E+4, 1.334375847478E-4, -1.272318943653E+2, 1.103991952963E+0, 0.000000000000E+0, -1.317970436665E+2, -2.867577776458E+1, 4.565149301160E+0
3.264345486080E+4, 3.264345486080E+4, 1.284877036844E-4, -1.304876933243E+2, 1.103991952963E+0, 0.000000000000E+0, -1.318036956723E+2, -2.898112095204E+1, 1.316002347949E+0
3.272231113978E+4, 3.272231113975E+4, 1.184599904908E-4, -1.283580369907E+2, 1.103991952963E+0, 0.000000000000E+0, -1.316209131849E+2, -2.968542671985E+1, 3.262876194202E+0
3.280135791063E+4, 3.280135791048E+4, 1.142014132607E-4, -1.282969846832E+2, 1.103991952963E+0, 0.000000000000E+0, -1.315707150597E+2, -2.999837886700E+1, 3.273730376463E+0
3.288059563351E+4, 3.288059563332E+4, 1.158345507399E-4, -1.246492063240E+2, 1.103991952963E+0, 0.000000000000E+0, -1.315334137018E+2, -2.989009488656E+1, 6.884207377829E+0
3.296002476972E+4, 3.296002477008E+4, 1.064098253423E-4, -1.240887656568E+2, 1.103991952963E+0, 0.000000000000E+0, -1.314115575027E+2, -3.061855288873E+1, 7.322791845983E+0
3.303964578163E+4, 3.303964578183E+4, 1.111124410332E-4, -1.192554076022E+2, 1.103991952963E+0, 0.000000000000E+0, -1.313796922466E+2, -3.026635531101E+1, 1.212428464440E+1
3.311945913277E+4, 3.311945913264E+4, 1.066426172087E-4, -1.218305683059E+2, 1.103991952963E+0, 0.000000000000E+0, -1.313801113780E+2, -3.060728522500E+1, 9.549543072107E+0
3.319946528775E+4, 3.319946528805E+4, 1.145279710095E-4, -1.163191167730E+2, 1.103991952963E+0, 0.000000000000E+0, -1.313698012446E+2, -3.001952927174E+1, 1.505068447159E+1
3.327966471235E+4, 3.327966471211E+4, 1.157823325407E-4, -1.195159345359E+2, 1.103991952963E+0, 0.000000000000E+0, -1.314547838843E+2, -2.991518091768E+1, 1.193884934843E+1
3.336005787343E+4, 3.336005787336E+4, 1.221204064833E-4, -1.132258036267E+2, 1.103991952963E+0, 0.000000000000E+0, -1.313906493061E+2, -2.948574303583E+1, 1.816484567938E+1
3.344064523900E+4, 3.344064523883E+4, 1.227603429536E-4, -1.239109744731E+2, 1.103991952963E+0, 0.000000000000E+0, -1.316439383139E+2, -2.939989390781E+1, 7.732963840818E+0
3.352142727820E+4, 3.352142727856E+4, 1.342615120899E-4, -1.140961082830E+2, 1.103991952963E+0, 0.000000000000E+0, -1.315579725938E+2, -2.867991254798E+1, 1.746186431083E+1
3.360240446130E+4, 3.360240446106E+4, 1.379056517534E-4, -1.184678683392E+2, 1.103991952963E+0, 0.000000000000E+0, -1.317112656625E+2, -2.843552493418E+1, 1.324339732327E+1
3.368357725970E+4, 3.368357725936E+4, 1.440500404079E-4, -1.176873516509E+2, 1.103991952963E+0, 0.000000000000E+0, -1.317693398445E+2, -2.807049286128E+1, 1.408198819356E+1
3.376494614595E+4, 3.376494614571E+4, 1.507843792046E-4, -1.200085454889E+2, 1.103991952963E+0, 0.000000000000E+0, -1.319149594044E+2, -2.767341535660E+1, 1.190641391543E+1
3.384651159374E+4, 3.384651159386E+4, 1.517754922533E-4, -1.168269477102E+2, 1.103991952963E+0, 0.000000000000E+0, -1.318370998040E+2, -2.763388365242E+1, 1.501015209385E+1
3.392827407789E+4, 3.392827407758E+4, 1.272328414434E-4, -1.403773580130E+2, 1.103991952963E+0, 0.000000000000E+0, -1.320027454288E+2, -2.901946737669E+1, -8.374612584228E+0
3.401023407438E+4, 3.401023407434E+4, 1.643558536748E-4, -1.270728957948E+2, 1.103991952963E+0, 0.000000000000E+0, -1.322894987861E+2, -2.690861967039E+1, 5.216602991308E+0
3.409239206034E+4, 3.409239206015E+4, 1.360180321378E-4, -1.446735523136E+2, 1.103991952963E+0, 0.000000000000E+0, -1.321855330228E+2, -2.842108118786E+1, -1.248801929086E+1
3.417474851406E+4, 3.417474851396E+4, 1.871899270671E-4, -1.362925931857E+2, 1.103991952963E+0, 0.000000000000E+0, -1.328264819511E+2, -2.574642794358E+1, -3.466111234570E+0
3.425730391496E+4, 3.425730391477E+4, 1.540608998821E-4, -1.454205774329E+2, 1.103991952963E+0, 0.000000000000E+0, -1.324899368250E+2, -2.734918686077E+1, -1.293064060793E+1
3.434005874364E+4, 3.434005874379E+4, 1.664437786425E-4, -1.498337892100E+2, 1.103991952963E+0, 0.000000000000E+0, -1.327364001489E+2, -2.665541909549E+1, -1.709738906116E+1
3.442301348186E+4, 3.442301348223E+4, 1.538688498182E-4, -1.475863779673E+2, 1.103991952963E+0, 0.000000000000E+0, -1.325232215798E+2, -2.734654528286E+1, -1.506315638753E+1
3.450616861252E+4, 3.450616861279E+4, 1.570213612683E-4, -1.614748197710E+2, 1.103991952963E+0, 0.000000000000E+0, -1.326439253929E+2, -2.708023310459E+1, -2.883089437807E+1
3.458952461973E+4, 3.458952461969E+4, 1.558320581997E-4, -1.556821033789E+2, 1.103991952963E+0, 0.000000000000E+0, -1.326172616876E+2, -2.718387875908E+1, -2.306484169128E+1
3.467308198873E+4, 3.467308198861E+4, 1.374919464723E-4, -1.643797489915E+2, 1.103991952963E+0, 0.000000000000E+0, -1.323369049489E+2, -2.821664265195E+1, -3.204284404265E+1
3.475684120594E+4, 3.475684120598E+4, 1.549995175062E-4, -1.587505438446E+2, 1.103991952963E+0, 0.000000000000E+0, -1.326216706082E+2, -2.721000445296E+1, -2.612887323641E+1
3.484080275898E+4, 3.484080275900E+4, 1.455548791797E-4, -1.696812778036E+2, 1.103991952963E+0, 0.000000000000E+0, -1.324542636224E+2, -2.768742345239E+1, -3.722701418126E+1
3.492496713661E+4, 3.492496713633E+4, 1.787317118725E-4, -1.673799541618E+2, 1.103991952963E+0, 0.000000000000E+0, -1.330034779427E+2, -2.591042110112E+1, -3.437647621912E+1
3.500933482880E+4, 3.500933482890E+4, 1.629733402260E-4, -1.729499607613E+2, 1.103991952963E+0, 0.000000000000E+0, -1.327197271656E+2, -2.667643292546E+1, -4.023023359571E+1
3.509390632670E+4, 3.509390632686E+4, 1.894796885296E-4, -1.682159251342E+2, 1.103991952963E+0, 0.000000000000E+0, -1.331906028687E+2, -2.539447894219E+1, -3.502532226547E+1
3.517868212263E+4, 3.517868212263E+4, 1.610107534427E-4, -1.732304031204E+2, 1.103991952963E+0, 0.000000000000E+0, -1.326962111334E+2, -2.678193519023E+1, -4.053419198707E+1
3.526366271011E+4, 3.526366271011E+4, 1.925222736246E-4, -1.707200628831E+2, 1.103991952963E+0, 0.000000000000E+0, -1.332330898116E+2, -2.523434333990E+1, -3.748697307152E+1
3.534884858386E+4, 3.534884858393E+4, 1.723125403532E-4, -1.759772275251E+2, 1.103991952963E+0, 0.000000000000E+0, -1.328524346494E+2, -2.616690200548E+1, -4.312479287576E+1
3.543424023978E+4, 3.543424023949E+4, 1.891608825241E-4, -1.723500384256E+2, 1.103991952963E+0, 0.000000000000E+0, -1.331663001803E+2, -2.537576324215E+1, -3.918373824528E+1
3.551983817498E+4, 3.551983817516E+4, 1.544665494697E-4, 1.798458658762E+2, 1.103991952963E+0, 0.000000000000E+0, -1.325280751725E+2, -2.710156931629E+1, -4.762605895126E+1
3.560564288775E+4, 3.560564288783E+4, 1.651095735703E-4, -1.751499422924E+2, 1.103991952963E+0, 0.000000000000E+0, -1.327631379202E+2, -2.654724678832E+1, -4.238680437217E+1
3.569165487762E+4, 3.569165487736E+4, 1.548358946490E-4, 1.758625642808E+2, 1.103991952963E+0, 0.000000000000E+0, -1.324835854316E+2, -2.705564125720E+1, -5.165385028756E+1
3.577787464530E+4, 3.577787464511E+4, 1.655195525904E-4, 1.794925110144E+2, 1.103991952963E+0, 0.000000000000E+0, -1.327063049773E+2, -2.649045187625E+1, -4.780118400835E+1
3.586430269271E+4, 3.586430269245E+4, 1.637813810009E-4, 1.733022844533E+2, 1.103991952963E+0, 0.000000000000E+0, -1.325776007549E+2, -2.654232667015E+1, -5.412011479184E+1
3.595093952298E+4, 3.595093952296E+4, 1.555543492857E-4, 1.751125831427E+2, 1.103991952963E+0, 0.000000000000E+0, -1.324935588394E+2, -2.700968064823E+1, -5.239385801790E+1
3.603778564049E+4, 3.603778564024E+4, 1.472571733439E-4, 1.728255487818E+2, 1.103991952963E+0, 0.000000000000E+0, -1.323317346095E+2, -2.748082211052E+1, -5.484271660869E+1
3.612484155079E+4, 3.612484155088E+4, 1.403195770158E-4, 1.777546087250E+2, 1.103991952963E+0, 0.000000000000E+0, -1.323112697706E+2, -2.793490899659E+1, -4.993412150433E+1
3.621210776068E+4, 3.621210776071E+4, 1.282850709673E-4, 1.704030560022E+2, 1.103991952963E+0, 0.000000000000E+0, -1.320244373798E+2, -2.868718947161E+1, -5.757250661798E+1
3.629958477817E+4, 3.629958477781E+4, 1.256878122805E-4, 1.783362179764E+2, 1.103991952963E+0, 0.000000000000E+0, -1.321056092587E+2, -2.890659247938E+1, -4.955817276491E+1
3.638727311252E+4, 3.638727311248E+4, 1.262993003636E-4, 1.642289419063E+2, 1.103991952963E+0, 0.000000000000E+0, -1.318867864775E+2, -2.879756414366E+1, -6.388427161625E+1
3.647517327419E+4, 3.647517327430E+4, 1.146423028871E-4, 1.672510203931E+2, 1.103991952963E+0, 0.000000000000E+0, -1.317813103489E+2, -2.966654745148E+1, -6.096766925800E+1
3.656328577490E+4, 3.656328577506E+4, 1.329025839061E-4, 1.707415931987E+2, 1.103991952963E+0, 0.000000000000E+0, -1.321103156073E+2, -2.837693071671E+1, -5.714809119401E+1
3.665161112758E+4, 3.665161112732E+4, 9.706954947303E-5, 1.568305628387E+2, 1.103991952963E+0, 0.000000000000E+0, -1.313734064713E+2, -3.110104092364E+1, -7.179603068995E+1
3.674014984643E+4, 3.674014984661E+4, 1.259246385241E-4, 1.691756919186E+2, 1.103991952963E+0, 0.000000000000E+0, -1.319929239340E+2, -2.884529143420E+1, -5.883138414744E+1
3.682890244686E+4, 3.682890244697E+4, 8.278017550062E-5, 1.547854625125E+2, 1.103991952963E+0, 0.000000000000E+0, -1.311761779634E+2, -3.250314250200E+1, -7.403835952416E+1
3.691786944555E+4, 3.691786944543E+4, 1.280180215838E-4, 1.667302079836E+2, 1.103991952963E+0, 0.000000000000E+0, -1.319857654561E+2, -2.868802203780E+1, -6.128402656027E+1
3.700705136041E+4, 3.700705136051E+4, 7.812319118122E-5, 1.532115330995E+2, 1.103991952963E+0, 0.000000000000E+0, -1.311032337065E+2, -3.301102718879E+1, -7.568523319401E+1
3.709644871062E+4, 3.709644871073E+4, 1.311853414479E-4, 1.680918987401E+2, 1.103991952963E+0, 0.000000000000E+0, -1.320809722545E+2, -2.847882717079E+1, -5.982712900541E+1
3.718606201660E+4, 3.718606201684E+4, 7.697218994914E-5, 1.556729157252E+2, 1.103991952963E+0, 0.000000000000E+0, -1.311426003891E+2, -3.314798752447E+1, -7.318448388574E+1
3.727589180003E+4, 3.727589180034E+4, 1.025746068757E-4, 1.532870128762E+2, 1.103991952963E+0, 0.000000000000E+0, -1.313926574453E+2, -3.060024767962E+1, -7.532032967842E+1
3.736593858385E+4, 3.736593858349E+4, 6.739163496533E-5, 1.545837993738E+2, 1.103991952963E+0, 0.000000000000E+0, -1.310260026673E+2, -3.427702127815E+1, -7.439019795886E+1
3.745620289226E+4, 3.745620289227E+4, 7.004500048937E-5, 1.500090646857E+2, 1.103991952963E+0, 0.000000000000E+0, -1.309917623091E+2, -3.396660512785E+1, -7.899917300519E+1
3.754668525074E+4, 3.754668525040E+4, 5.333402777617E-5, 1.538403412221E+2, 1.103991952963E+0, 0.000000000000E+0, -1.308588779401E+2, -3.637195292892E+1, -7.530078083787E+1
3.763738618603E+4, 3.763738618613E+4, 5.295919408880E-5, 1.514158111545E+2, 1.103991952963E+0, 0.000000000000E+0, -1.308291718840E+2, -3.642978668076E+1, -7.775501696151E+1
3.772830622613E+4, 3.772830622616E+4, 4.756126056220E-5, 1.652114718709E+2, 1.103991952963E+0, 0.000000000000E+0, -1.309070540396E+2, -3.739541064828E+1, -6.388147408952E+1
3.781944590034E+4, 3.781944590020E+4, 7.098619322397E-5, 1.592695077728E+2, 1.103991952963E+0, 0.000000000000E+0, -1.311581164585E+2, -3.387029864641E+1, -6.957237576869E+1
3.791080573923E+4, 3.791080573947E+4, 6.903536721249E-5, 1.543355900491E+2, 1.103991952963E+0, 0.000000000000E+0, -1.310617864094E+2, -3.410454859033E+1, -7.460262354147E+1
3.800238627463E+4, 3.800238627441E+4, 7.282675817131E-5, 1.498008448068E+2, 1.103991952963E+0, 0.000000000000E+0, -1.310405828210E+2, -3.362431152919E+1, -7.915857237224E+1
3.809418803969E+4, 3.809418803996E+4, 6.507204502899E-5, 1.464288230402E+2, 1.103991952963E+0, 0.000000000000E+0, -1.309157271723E+2, -3.461025931588E+1, -8.265544978756E+1
3.818621156883E+4, 3.818621156881E+4, 6.037273286066E-5, 1.453493457024E+2, 1.103991952963E+0, 0.000000000000E+0, -1.308638772573E+2, -3.526908958249E+1, -8.378677704028E+1
3.827845739776E+4, 3.827845739739E+4, 5.788022353258E-5, 1.439797808108E+2, 1.103991952963E+0, 0.000000000000E+0, -1.308226601243E+2, -3.563873946607E+1, -8.519755906487E+1
3.837092606347E+4, 3.837092606361E+4, 6.016233548609E-5, 1.443976671729E+2, 1.103991952963E+0, 0.000000000000E+0, -1.308594871582E+2, -3.529893434002E+1, -8.474284566887E+1
3.846361810429E+4, 3.846361810464E+4, 6.117871343826E-5, 1.419949784989E+2, 1.103991952963E+0, 0.000000000000E+0, -1.308231223526E+2, -3.514791431747E+1, -8.718189914850E+1
3.855653405981E+4, 3.855653405989E+4, 6.134735724842E-5, 1.447090217161E+2, 1.103991952963E+0, 0.000000000000E+0, -1.308799110022E+2, -3.512758130208E+1, -8.441106728177E+1
3.864967447093E+4, 3.864967447100E+4, 5.547590330169E-5, 1.412194295727E+2, 1.103991952963E+0, 0.000000000000E+0, -1.307838303717E+2, -3.600864264684E+1, -8.799674005563E+1
3.874303987988E+4, 3.874303987963E+4, 4.836115410691E-5, 1.405219265054E+2, 1.103991952963E+0, 0.000000000000E+0, -1.307171638531E+2, -3.721494108600E+1, -8.876090964154E+1
3.883663083017E+4, 3.883663083041E+4, 5.311310904533E-5, 1.403392605685E+2, 1.103991952963E+0, 0.000000000000E+0, -1.307631491742E+2, -3.639000878711E+1, -8.889759025729E+1
3.893044786664E+4, 3.893044786647E+4, 4.471236987384E-5, 1.390175240806E+2, 1.103991952963E+0, 0.000000000000E+0, -1.306828751274E+2, -3.790304810496E+1, -9.029960079201E+1
3.902449153545E+4, 3.902449153543E+4, 5.160367829018E-5, 1.385480693761E+2, 1.103991952963E+0, 0.000000000000E+0, -1.307333640922E+2, -3.664203158435E+1, -9.071856653173E+1
3.911876238407E+4, 3.911876238416E+4, 4.037910771412E-5, 1.375166657447E+2, 1.103991952963E+0, 0.000000000000E+0, -1.306430755074E+2, -3.879668743115E+1, -9.184025874787E+1
3.921326096129E+4, 3.921326096101E+4, 4.976405093264E-5, 1.375941188941E+2, 1.103991952963E+0, 0.000000000000E+0, -1.307168452319E+2, -3.696021183595E+1, -9.168903587391E+1
3.930798781723E+4, 3.930798781735E+4, 3.772488050560E-5, 1.365383326112E+2, 1.103991952963E+0, 0.000000000000E+0, -1.306232760094E+2, -3.939234581040E+1, -9.283839137941E+1
3.940294350334E+4, 3.940294350301E+4, 4.378892749873E-5, 1.369482952221E+2, 1.103991952963E+0, 0.000000000000E+0, -1.306765653825E+2, -3.808265735617E+1, -9.237513939544E+1
3.949812857240E+4, 3.949812857233E+4, 3.602662198153E-5, 1.362056776143E+2, 1.103991952963E+0, 0.000000000000E+0, -1.306216196609E+2, -3.979545101347E+1, -9.317270272477E+1
3.959354357854E+4, 3.959354357889E+4, 4.179042847821E-5, 1.361910824309E+2, 1.103991952963E+0, 0.000000000000E+0, -1.306621917242E+2, -3.849349508770E+1, -9.314672584494E+1
3.968918907720E+4, 3.968918907702E+4, 3.341843870547E-5, 1.355557083993E+2, 1.103991952963E+0, 0.000000000000E+0, -1.305976164288E+2, -4.045296421798E+1, -9.384667517185E+1
3.978506562518E+4, 3.978506562554E+4, 4.100225296632E-5, 1.349878012027E+2, 1.103991952963E+0, 0.000000000000E+0, -1.306520585034E+2, -3.865995457487E+1, -9.436014029382E+1
3.988117378063E+4, 3.988117378100E+4, 3.139545429052E-5, 1.339513266005E+2, 1.103991952963E+0, 0.000000000000E+0, -1.305847165186E+2, -4.099995683772E+1, -9.546395688087E+1
3.997751410303E+4, 3.997751410296E+4, 3.715734780115E-5, 1.334683852945E+2, 1.103991952963E+0, 0.000000000000E+0, -1.306195283216E+2, -3.952150655250E+1, -9.591208638392E+1
4.007408715323E+4, 4.007408715321E+4, 2.747149282786E-5, 1.324164649393E+2, 1.103991952963E+0, 0.000000000000E+0, -1.305574441015E+2, -4.216858535844E+1, -9.702609095924E+1
4.017089349343E+4, 4.017089349354E+4, 3.550525761189E-5, 1.333512925046E+2, 1.103991952963E+0, 0.000000000000E+0, -1.306177767225E+2, -3.992129935792E+1, -9.603093077294E+1
4.026793368717E+4, 4.026793368723E+4, 2.858546761554E-5, 1.314588113540E+2, 1.103991952963E+0, 0.000000000000E+0, -1.305781497909E+2, -4.182036508584E+1, -9.796303885511E+1
4.036520829938E+4, 4.036520829906E+4, 3.250381870527E-5, 1.319881366566E+2, 1.103991952963E+0, 0.000000000000E+0, -1.305978342977E+2, -4.069511324300E+1, -9.741402904565E+1
4.046271789633E+4, 4.046271789605E+4, 2.854616407665E-5, 1.311385489420E+2, 1.103991952963E+0, 0.000000000000E+0, -1.305724723877E+2, -4.183211680116E+1, -9.828897867032E+1
4.056046304568E+4, 4.056046304594E+4, 3.006405176569E-5, 1.312927656824E+2, 1.103991952963E+0, 0.000000000000E+0, -1.305886544565E+2, -4.137856856860E+1, -9.811857986103E+1
4.065844431645E+4, 4.065844431651E+4, 2.915012820051E-5, 1.321852762101E+2, 1.103991952963E+0, 0.000000000000E+0, -1.305878911733E+2, -4.164828314009E+1, -9.722683261653E+1
4.075666227902E+4, 4.075666227923E+4, 3.161926278638E-5, 1.298955190057E+2, 1.103991952963E+0, 0.000000000000E+0, -1.305915027634E+2, -4.093476911588E+1, -9.951297823089E+1
4.085511750518E+4, 4.085511750485E+4, 2.883087738188E-5, 1.294503900213E+2, 1.103991952963E+0, 0.000000000000E+0, -1.305819261325E+2, -4.174428357449E+1, -9.996768384613E+1
4.095381056807E+4, 4.095381056786E+4, 2.820587280957E-5, 1.298645270983E+2, 1.103991952963E+0, 0.000000000000E+0, -1.305827447058E+2, -4.193676162962E+1, -9.955272819591E+1
4.105274204224E+4, 4.105274204196E+4, 2.678849050303E-5, 1.299001966757E+2, 1.103991952963E+0, 0.000000000000E+0, -1.305749248558E+2, -4.238683478063E+1, -9.952487846847E+1
4.115191250361E+4, 4.115191250389E+4, 2.605183043450E-5, 1.305426263163E+2, 1.103991952963E+0, 0.000000000000E+0, -1.305886586464E+2, -4.263184517002E+1, -9.886871503735E+1
4.125132252950E+4, 4.125132252959E+4, 1.963666163266E-5, 1.337997127448E+2, 1.103991952963E+0, 0.000000000000E+0, -1.305734693905E+2, -4.510220736276E+1, -9.562681786469E+1
4.135097269863E+4, 4.135097269877E+4, 1.522969546969E-5, 1.685244928780E+2, 1.103991952963E+0, 0.000000000000E+0, -1.306554512882E+2, -4.733530488645E+1, -6.082005583384E+1
4.145086359109E+4, 4.145086359113E+4, 5.262954522779E-5, 1.781077823137E+2, 1.103991952963E+0, 0.000000000000E+0, -1.312522577218E+2, -3.653534086706E+1, -5.063995996453E+1
4.155099578841E+4, 4.155099578860E+4, 4.934953761632E-5, 1.415095846005E+2, 1.103991952963E+0, 0.000000000000E+0, -1.308666116220E+2, -3.703747457115E+1, -8.762380377749E+1
4.165136987349E+4, 4.165136987385E+4, 4.014155180382E-5, 1.326573662557E+2, 1.103991952963E+0, 0.000000000000E+0, -1.307144860375E+2, -3.884558062526E+1, -9.662814770683E+1
4.175198643067E+4, 4.175198643033E+4, 3.751447023493E-5, 1.300980354149E+2, 1.103991952963E+0, 0.000000000000E+0, -1.306837159155E+2, -3.943819438041E+1, -9.921824866954E+1
4.185284604568E+4, 4.185284604592E+4, 3.362766794368E-5, 1.287519888624E+2, 1.103991952963E+0, 0.000000000000E+0, -1.306437777339E+2, -4.039566315077E+1, -1.006042334036E+2
4.195394930568E+4, 4.195394930555E+4, 3.314502187096E-5, 1.294795879089E+2, 1.103991952963E+0, 0.000000000000E+0, -1.306490114251E+2, -4.052303491274E+1, -9.987140066607E+1
4.205529679922E+4, 4.205529679936E+4, 3.147795262369E-5, 1.278095979978E+2, 1.103991952963E+0, 0.000000000000E+0, -1.306280815681E+2, -4.097382329068E+1, -1.015623204341E+2
4.215688911630E+4, 4.215688911600E+4, 3.051785400480E-5, 1.266753309878E+2, 1.103991952963E+0, 0.000000000000E+0, -1.306242007088E+2, -4.124424303976E+1, -1.027004683034E+2
4.225872684834E+4, 4.225872684859E+4, 3.041841900734E-5, 1.269894703597E+2, 1.103991952963E+0, 0.000000000000E+0, -1.306317258001E+2, -4.127319187536E+1, -1.023788038402E+2
4.236081058819E+4, 4.236081058803E+4, 2.624258717465E-5, 1.257097655154E+2, 1.103991952963E+0, 0.000000000000E+0, -1.306065677247E+2, -4.256570567216E+1, -1.036836667600E+2
4.246314093011E+4, 4.246314093042E+4, 2.746284637079E-5, 1.263210427042E+2, 1.103991952963E+0, 0.000000000000E+0, -1.306167682954E+2, -4.217023120162E+1, -1.030621890003E+2
4.256571846983E+4, 4.256571846962E+4, 2.244123825356E-5, 1.265143172236E+2, 1.103991952963E+0, 0.000000000000E+0, -1.305974646152E+2, -4.393438436039E+1, -1.028882181612E+2
4.266854380449E+4, 4.266854380475E+4, 2.497070562467E-5, 1.253833484098E+2, 1.103991952963E+0, 0.000000000000E+0, -1.306116032950E+2, -4.299990297047E+1, -1.040050482952E+2
4.277161753269E+4, 4.277161753265E+4, 2.172374615461E-5, 1.246293816322E+2, 1.103991952963E+0, 0.000000000000E+0, -1.306001901727E+2, -4.421839058640E+1, -1.047704281951E+2
4.287494025447E+4, 4.287494025466E+4, 2.217486727736E-5, 1.246833918988E+2, 1.103991952963E+0, 0.000000000000E+0, -1.306056134205E+2, -4.403518175803E+1, -1.047109946807E+2
4.297851257132E+4, 4.297851257135E+4, 2.339562156902E-5, 1.232453350729E+2, 1.103991952963E+0, 0.000000000000E+0, -1.306047131682E+2, -4.356771005553E+1, -1.061499517589E+2
4.308233508618E+4, 4.308233508631E+4, 2.424188477418E-5, 1.231156349796E+2, 1.103991952963E+0, 0.000000000000E+0, -1.306086733989E+2, -4.325883335911E+1, -1.062756916215E+2
4.318640840345E+4, 4.318640840310E+4, 2.313699687628E-5, 1.225644714374E+2, 1.103991952963E+0, 0.000000000000E+0, -1.306094312881E+2, -4.366504851742E+1, -1.068260972745E+2
4.329073312899E+4, 4.329073312903E+4, 2.284169592514E-5, 1.246059187799E+2, 1.103991952963E+0, 0.000000000000E+0, -1.306315396423E+2, -4.377936003121E+1, -1.047625415778E+2
4.339530987013E+4, 4.339530986989E+4, 2.130827759547E-5, 1.234050303785E+2, 1.103991952963E+0, 0.000000000000E+0, -1.306157260821E+2, -4.438652386022E+1, -1.059792435393E+2
4.350013923565E+4, 4.350013923599E+4, 2.167612085216E-5, 1.243824943951E+2, 1.103991952963E+0, 0.000000000000E+0, -1.306253249595E+2, -4.423714355447E+1, -1.049921806454E+2
4.360522183581E+4, 4.360522183610E+4, 1.998912603333E-5, 1.245665535525E+2, 1.103991952963E+0, 0.000000000000E+0, -1.306288447181E+2, -4.494429437659E+1, -1.048046017294E+2
4.371055828236E+4, 4.371055828202E+4, 2.199583568614E-5, 1.231241923559E+2, 1.103991952963E+0, 0.000000000000E+0, -1.306450983771E+2, -4.411079201113E+1, -1.062307092671E+2
4.381614918850E+4, 4.381614918849E+4, 2.046796201034E-5, 1.218667080209E+2, 1.103991952963E+0, 0.000000000000E+0, -1.306066092325E+2, -4.473744005626E+1, -1.075266827466E+2
4.392199516892E+4, 4.392199516879E+4, 2.144319267583E-5, 1.219843967707E+2, 1.103991952963E+0, 0.000000000000E+0, -1.306377341324E+2, -4.432991331190E+1, -1.073778690969E+2
4.402809683981E+4, 4.402809683992E+4, 1.858546636580E-5, 1.217455214139E+2, 1.103991952963E+0, 0.000000000000E+0, -1.306279723900E+2, -4.558067536424E+1, -1.076265061961E+2
4.413445481883E+4, 4.413445481887E+4, 2.014463333919E-5, 1.229785274351E+2, 1.103991952963E+0, 0.000000000000E+0, -1.306405390662E+2, -4.487719557530E+1, -1.063809334987E+2
4.424106972515E+4, 4.424106972490E+4, 1.777252114347E-5, 1.207588878161E+2, 1.103991952963E+0, 0.000000000000E+0, -1.306248468668E+2, -4.597084282344E+1, -1.086162653171E+2
4.434794217941E+4, 4.434794217946E+4, 1.831087450653E-5, 1.202919940207E+2, 1.103991952963E+0, 0.000000000000E+0, -1.306219513113E+2, -4.570939734704E+1, -1.090860546680E+2
4.445507280377E+4, 4.445507280405E+4, 1.639626136126E-5, 1.216618972716E+2, 1.103991952963E+0, 0.000000000000E+0, -1.306355487192E+2, -4.667460542997E+1, -1.077025540093E+2
4.456246222189E+4, 4.456246222162E+4, 1.664338349928E-5, 1.206416201585E+2, 1.103991952963E+0, 0.000000000000E+0, -1.306397739766E+2, -4.654287566037E+1, -1.087186058649E+2
4.467011105894E+4, 4.467011105888E+4, 1.506759060568E-5, 1.216530450341E+2, 1.103991952963E+0, 0.000000000000E+0, -1.306371328339E+2, -4.741093722263E+1, -1.077098221319E+2
4.477801994158E+4, 4.477801994177E+4, 1.697647619071E-5, 1.200087520248E+2, 1.103991952963E+0, 0.000000000000E+0, -1.306500444392E+2, -4.636955452009E+1, -1.093412035359E+2
4.488618949801E+4, 4.488618949775E+4, 1.559132444194E-5, 1.197432733172E+2, 1.103991952963E+0, 0.000000000000E+0, -1.306461116985E+2, -4.711204018619E+1, -1.096106149843E+2
4.499462035793E+4, 4.499462035799E+4, 1.479679062004E-5, 1.188342485885E+2, 1.103991952963E+0, 0.000000000000E+0, -1.306397659091E+2, -4.756812572701E+1, -1.105259855024E+2
4.510331315257E+4, 4.510331315291E+4, 1.400593736673E-5, 1.214093007252E+2, 1.103991952963E+0, 0.000000000000E+0, -1.306551554086E+2, -4.804672812366E+1, -1.079355438662E+2
4.521226851468E+4, 4.521226851445E+4, 1.405101612775E-5, 1.205615744097E+2, 1.103991952963E+0, 0.000000000000E+0, -1.306493374114E+2, -4.802073746582E+1, -1.087890881788E+2
4.532148707853E+4, 4.532148707824E+4, 1.405291849033E-5, 1.202599552118E+2, 1.103991952963E+0, 0.000000000000E+0, -1.306564004683E+2, -4.801915218561E+1, -1.090836443200E+2
4.543096947995E+4, 4.543096947994E+4, 1.183162578953E-5, 1.224145933938E+2, 1.103991952963E+0, 0.000000000000E+0, -1.306735037297E+2, -4.951858974109E+1, -1.069119028765E+2
4.554071635628E+4, 4.554071635596E+4, 1.323535849105E-5, 1.205267712495E+2, 1.103991952963E+0, 0.000000000000E+0, -1.306673938673E+2, -4.854123496689E+1, -1.088058348832E+2
4.565072834641E+4, 4.565072834641E+4, 1.244536346897E-5, 1.228871053143E+2, 1.103991952963E+0, 0.000000000000E+0, -1.306766380554E+2, -4.907636819641E+1, -1.064362566303E+2
4.576100609076E+4, 4.576100609068E+4, 1.332250049318E-5, 1.211752932929E+2, 1.103991952963E+0, 0.000000000000E+0, -1.306760304473E+2, -4.848499239917E+1, -1.081486762598E+2
4.587155023133E+4, 4.587155023113E+4, 1.239301280568E-5, 1.206928313345E+2, 1.103991952963E+0, 0.000000000000E+0, -1.306830569561E+2, -4.911433798814E+1, -1.086241117094E+2
4.598236141163E+4, 4.598236141163E+4, 1.260671748624E-5, 1.172265156060E+2, 1.103991952963E+0, 0.000000000000E+0, -1.306710513230E+2, -4.896536184302E+1, -1.121024330710E+2
4.609344027675E+4, 4.609344027678E+4, 1.221381591788E-5, 1.166454445330E+2, 1.103991952963E+0, 0.000000000000E+0, -1.306687204244E+2, -4.924235119229E+1, -1.126858350426E+2
4.620478747333E+4, 4.620478747341E+4, 1.133655654856E-5, 1.194106955060E+2, 1.103991952963E+0, 0.000000000000E+0, -1.306774055644E+2, -4.989078828784E+1, -1.099118989295E+2
4.631640364958E+4, 4.631640364988E+4, 1.093600238324E-5, 1.168734814653E+2, 1.103991952963E+0, 0.000000000000E+0, -1.306894242782E+2, -5.020444866229E+1, -1.124370942564E+2
4.642828945527E+4, 4.642828945524E+4, 1.117020546496E-5, 1.175316314554E+2, 1.103991952963E+0, 0.000000000000E+0, -1.306907101059E+2, -5.002084645046E+1, -1.117776584386E+2
4.654044554173E+4, 4.654044554158E+4, 1.134010917737E-5, 1.166731701521E+2, 1.103991952963E+0, 0.000000000000E+0, -1.307068391847E+2, -4.988638777547E+1, -1.126199906632E+2
4.665287256188E+4, 4.665287256170E+4, 1.151616699649E-5, 1.161123182509E+2, 1.103991952963E+0, 0.000000000000E+0, -1.307011604007E+2, -4.975454566763E+1, -1.131865213484E+2
4.676557117021E+4, 4.676557116991E+4, 1.148892160325E-5, 1.155600769874E+2, 1.103991952963E+0, 0.000000000000E+0, -1.307002054669E+2, -4.977354277321E+1, -1.137397175457E+2
4.687854202279E+4, 4.687854202274E+4, 1.179483889849E-5, 1.160797280826E+2, 1.103991952963E+0, 0.000000000000E+0, -1.307104213388E+2, -4.954674443291E+1, -1.132098505786E+2
4.699178577727E+4, 4.699178577749E+4, 1.132141667506E-5, 1.177972196056E+2, 1.103991952963E+0, 0.000000000000E+0, -1.307101711786E+2, -4.990170367599E+1, -1.114926092159E+2
4.710530309291E+4, 4.710530309293E+4, 1.013272749015E-5, 1.143586982681E+2, 1.103991952963E+0, 0.000000000000E+0, -1.306975144507E+2, -5.086784410711E+1, -1.149437872812E+2
4.721909463054E+4, 4.721909463083E+4, 1.029080214428E-5, 1.135477256731E+2, 1.103991952963E+0, 0.000000000000E+0, -1.307062070441E+2, -5.073431418462E+1, -1.157460672829E+2
4.733316105259E+4, 4.733316105295E+4, 9.356620752410E-6, 1.147521793121E+2, 1.103991952963E+0, 0.000000000000E+0, -1.307122431325E+2, -5.156106515537E+1, -1.145355775554E+2
4.744750302309E+4, 4.744750302329E+4, 1.015757352345E-5, 1.157553340154E+2, 1.103991952963E+0, 0.000000000000E+0, -1.307097906697E+2, -5.084966693154E+1, -1.135348753149E+2
4.756212120769E+4, 4.756212120736E+4, 8.823204220583E-6, 1.157145523771E+2, 1.103991952963E+0, 0.000000000000E+0, -1.307155540461E+2, -5.207381369442E+1, -1.135698935768E+2
4.767701627363E+4, 4.767701627362E+4, 9.410460593443E-6, 1.162329633915E+2, 1.103991952963E+0, 0.000000000000E+0, -1.307330580862E+2, -5.151350366890E+1, -1.130339785222E+2
4.779218888977E+4, 4.779218888981E+4, 8.092610218008E-6, 1.165232127508E+2, 1.103991952963E+0, 0.000000000000E+0, -1.307276606988E+2, -5.282632036063E+1, -1.127491265505E+2
4.790763972658E+4, 4.790763972665E+4, 8.761355528333E-6, 1.137826459553E+2, 1.103991952963E+0, 0.000000000000E+0, -1.307355423362E+2, -5.213418292695E+1, -1.154818117085E+2
4.802336945616E+4, 4.802336945634E+4, 7.846576508904E-6, 1.146626459272E+2, 1.103991952963E+0, 0.000000000000E+0, -1.307348503636E+2, -5.309335518331E+1, -1.146025037092E+2
4.813937875221E+4, 4.813937875184E+4, 7.755693212594E-6, 1.180571125685E+2, 1.103991952963E+0, 0.000000000000E+0, -1.307419757461E+2, -5.319691918491E+1, -1.112009116854E+2
4.825566829010E+4, 4.825566828984E+4, 8.283956893370E-6, 1.144942141481E+2, 1.103991952963E+0, 0.000000000000E+0, -1.307468921111E+2, -5.262185915405E+1, -1.147588937408E+2
4.837223874679E+4, 4.837223874702E+4, 7.803551205436E-6, 1.178821023930E+2, 1.103991952963E+0, 0.000000000000E+0, -1.307463930176E+2, -5.314226456457E+1, -1.113715045894E+2
4.848909080089E+4, 4.848909080081E+4, 8.771281434199E-6, 1.173940758489E+2, 1.103991952963E+0, 0.000000000000E+0, -1.307720768115E+2, -5.212640774425E+1, -1.118338473396E+2
4.860622513265E+4, 4.860622513238E+4, 7.722748450278E-6, 1.128743174157E+2, 1.103991952963E+0, 0.000000000000E+0, -1.307510158495E+2, -5.323382514108E+1, -1.163746667348E+2
4.872364242397E+4, 4.872364242363E+4, 8.332464267267E-6, 1.134976614299E+2, 1.103991952963E+0, 0.000000000000E+0, -1.307632177033E+2, -5.257177480768E+1, -1.157391208667E+2
4.884134335839E+4, 4.884134335871E+4, 7.566257968255E-6, 1.220337931593E+2, 1.103991952963E+0, 0.000000000000E+0, -1.307783979812E+2, -5.341285200774E+1, -1.071878088595E+2
4.895932862110E+4, 4.895932862102E+4, 8.541754236534E-6, 1.116811849227E+2, 1.103991952963E+0, 0.000000000000E+0, -1.307715956842E+2, -5.235775226763E+1, -1.175472193931E+2
4.907759889895E+4, 4.907759889917E+4, 6.536398354497E-6, 1.195909846216E+2, 1.103991952963E+0, 0.000000000000E+0, -1.307800999168E+2, -5.468506039695E+1, -1.096289154616E+2
4.919615488044E+4, 4.919615488031E+4, 6.921996022996E-6, 1.181853424158E+2, 1.103991952963E+0, 0.000000000000E+0, -1.307893053965E+2, -5.418630004059E+1, -1.110253521877E+2
4.931499725575E+4, 4.931499725604E+4, 5.122306662491E-6, 1.201279544840E+2, 1.103991952963E+0, 0.000000000000E+0, -1.307928644587E+2, -5.680693488171E+1, -1.090791810573E+2
4.943412671671E+4, 4.943412671647E+4, 5.948542711120E-6, 1.134802163714E+2, 1.103991952963E+0, 0.000000000000E+0, -1.307837766917E+2, -5.550585031168E+1, -1.157360069369E+2
4.955354395683E+4, 4.955354395694E+4, 5.194467481384E-6, 1.278631557311E+2, 1.103991952963E+0, 0.000000000000E+0, -1.308099849777E+2, -5.668699287157E+1, -1.013268592911E+2
4.967324967129E+4, 4.967324967129E+4, 5.656721709426E-6, 1.157702276133E+2, 1.103991952963E+0, 0.000000000000E+0, -1.308022301204E+2, -5.594389132105E+1, -1.134275422663E+2
4.979324455696E+4, 4.979324455711E+4, 3.765107858760E-6, 1.233331079134E+2, 1.103991952963E+0, 0.000000000000E+0, -1.308067730955E+2, -5.948412876316E+1, -1.058601189911E+2
4.991352931238E+4, 4.991352931270E+4, 5.266214673694E-6, 1.189529366865E+2, 1.103991952963E+0, 0.000000000000E+0, -1.308142818132E+2, -5.656535018627E+1, -1.102327815003E+2
5.003410463779E+4, 5.003410463789E+4, 3.338988453123E-6, 1.143140773044E+2, 1.103991952963E+0, 0.000000000000E+0, -1.308139652323E+2, -6.052818111431E+1, -1.148719574634E+2
5.015497123511E+4, 5.015497123548E+4, 4.854271256649E-6, 1.128775565056E+2, 1.103991952963E+0, 0.000000000000E+0, -1.308144692053E+2, -5.727527811573E+1, -1.163079742891E+2
5.027612980796E+4, 5.027612980825E+4, 3.465275136516E-6, 1.239036033384E+2, 1.103991952963E+0, 0.000000000000E+0, -1.308385119675E+2, -6.020501144689E+1, -1.052578846941E+2
5.039758106166E+4, 5.039758106200E+4, 5.028598220625E-6, 1.127456894616E+2, 1.103991952963E+0, 0.000000000000E+0, -1.308304093338E+2, -5.696675651395E+1, -1.164239012046E+2
5.051932570324E+4, 5.051932570325E+4, 2.652882186945E-6, 1.283105086681E+2, 1.103991952963E+0, 0.000000000000E+0, -1.308337732008E+2, -6.252837810466E+1, -1.008557181311E+2
5.064136444143E+4, 5.064136444151E+4, 4.485237958333E-6, 1.169669963076E+2, 1.103991952963E+0, 0.000000000000E+0, -1.308377924477E+2, -5.796279085038E+1, -1.121952112446E+2
5.076369798668E+4, 5.076369798704E+4, 2.750225765770E-6, 1.249011624564E+2, 1.103991952963E+0, 0.000000000000E+0, -1.308402749279E+2, -6.221497735033E+1, -1.042585626156E+2
5.088632705114E+4, 5.088632705085E+4, 3.681537603335E-6, 1.239304756246E+2, 1.103991952963E+0, 0.000000000000E+0, -1.308547194010E+2, -5.967972362318E+1, -1.052148049744E+2
5.100925234870E+4, 5.100925234842E+4, 2.893232033748E-6, 1.264289466511E+2, 1.103991952963E+0, 0.000000000000E+0, -1.308485515294E+2, -6.177338272066E+1, -1.027225018195E+2
5.113247459496E+4, 5.113247459523E+4, 3.121194434525E-6, 1.158939949297E+2, 1.103991952963E+0, 0.000000000000E+0, -1.308532356415E+2, -6.111320766899E+1, -1.132527694288E+2
5.125599450726E+4, 5.125599450750E+4, 2.420590081162E-6, 1.168754821288E+2, 1.103991952963E+0, 0.000000000000E+0, -1.308482400550E+2, -6.332512363058E+1, -1.122762778162E+2
5.137981280466E+4, 5.137981280445E+4, 3.946970307842E-6, 1.174398674012E+2, 1.103991952963E+0, 0.000000000000E+0, -1.308652457569E+2, -5.907343556060E+1, -1.116948868419E+2
5.150393020797E+4, 5.150393020827E+4, 2.227698267792E-6, 1.145708763728E+2, 1.103991952963E+0, 0.000000000000E+0, -1.308607732077E+2, -6.404637484095E+1, -1.145683504195E+2
5.162834743974E+4, 5.162834743967E+4, 3.263953283542E-6, 1.190308860802E+2, 1.103991952963E+0, 0.000000000000E+0, -1.308690261191E+2, -6.072660549477E+1, -1.101000878007E+2
5.175306522424E+4, 5.175306522457E+4, 2.145709868056E-6, 1.242550771191E+2, 1.103991952963E+0, 0.000000000000E+0, -1.308816039724E+2, -6.437222786048E+1, -1.048633189085E+2
5.187808428753E+4, 5.187808428740E+4, 2.580106421057E-6, 1.240218511385E+2, 1.103991952963E+0, 0.000000000000E+0, -1.308876875469E+2, -6.277032821263E+1, -1.050904613146E+2
5.200340535741E+4, 5.200340535708E+4, 2.173817345601E-6, 1.307706515287E+2, 1.103991952963E+0, 0.000000000000E+0, -1.309013077544E+2, -6.426131870451E+1, -9.832804071687E+1
5.212902916341E+4, 5.212902916327E+4, 2.877848191494E-6, 1.196637400716E+2, 1.103991952963E+0, 0.000000000000E+0, -1.308937166937E+2, -6.181960264586E+1, -1.094425432347E+2
5.225495643686E+4, 5.225495643710E+4, 2.053890530527E-6, 1.122728634664E+2, 1.103991952963E+0, 0.000000000000E+0, -1.308874666635E+2, -6.475144117337E+1, -1.168396698701E+2
5.238118791083E+4, 5.238118791048E+4, 2.333567287284E-6, 1.290236121192E+2, 1.103991952963E+0, 0.000000000000E+0, -1.309013272101E+2, -6.364348600149E+1, -1.000750606706E+2
5.250772432019E+4, 5.250772432053E+4, 1.751066551752E-6, 1.586751522959E+2, 1.103991952963E+0, 0.000000000000E+0, -1.309074705528E+2, -6.614042914331E+1, -7.041737715128E+1
5.263456640156E+4, 5.263456640137E+4, 2.360435333745E-6, 1.298473265615E+2, 1.103991952963E+0, 0.000000000000E+0, -1.309095578815E+2, -6.354313327807E+1, -9.924311555707E+1
5.276171489334E+4, 5.276171489310E+4, 2.170814091902E-6, 1.353210220339E+2, 1.103991952963E+0, 0.000000000000E+0, -1.309168820530E+2, -6.427068300774E+1, -9.376209591310E+1
5.288917053572E+4, 5.288917053583E+4, 2.946247358828E-6, 1.290378277509E+2, 1.103991952963E+0, 0.000000000000E+0, -1.309226651131E+2, -6.161624465675E+1, -1.000395071360E+2
5.301693407069E+4, 5.301693407041E+4, 1.008379144089E-6, 1.713265740389E+2, 1.103991952963E+0, 0.000000000000E+0, -1.309218548188E+2, -7.093396960303E+1, -5.775157114231E+1
5.314500624202E+4, 5.314500624216E+4, 2.349676424329E-6, 1.328432334728E+2, 1.103991952963E+0, 0.000000000000E+0, -1.309207967054E+2, -6.358301589386E+1, -9.623596982180E+1
5.327338779527E+4, 5.327338779491E+4, 1.970423684520E-6, 1.446300936792E+2, 1.103991952963E+0, 0.000000000000E+0, -1.309462153191E+2, -6.511526333143E+1, -8.442369100167E+1
5.340207947782E+4, 5.340207947771E+4, 2.127751895763E-6, 1.348893815460E+2, 1.103991952963E+0, 0.000000000000E+0, -1.309426160406E+2, -6.444502479350E+1, -9.416800241336E+1
5.353108203883E+4, 5.353108203888E+4, 1.538110978137E-6, 1.260430758464E+2, 1.103991952963E+0, 0.000000000000E+0, -1.309188332512E+2, -6.726532222343E+1, -1.030380909025E+2
5.366039622929E+4, 5.366039622896E+4, 1.645105594803E-6, 1.310139350247E+2, 1.103991952963E+0, 0.000000000000E+0, -1.309439683591E+2, -6.668230356484E+1, -9.804209661618E+1
5.379002280201E+4, 5.379002280222E+4, 2.158908325647E-6, 1.134707748003E+2, 1.103991952963E+0, 0.000000000000E+0, -1.309411540707E+2, -6.431908730639E+1, -1.155880711290E+2
5.391996251159E+4, 5.391996251145E+4, 1.836830171766E-6, 1.241564243555E+2, 1.103991952963E+0, 0.000000000000E+0, -1.309554106281E+2, -6.572169574699E+1, -1.048881650165E+2
5.405021611447E+4, 5.405021611466E+4, 1.908424187595E-6, 1.257114859997E+2, 1.103991952963E+0, 0.000000000000E+0, -1.309547367196E+2, -6.539119155201E+1, -1.033337772807E+2
5.418078436894E+4, 5.418078436911E+4, 1.315749529194E-6, 1.278434863258E+2, 1.103991952963E+0, 0.000000000000E+0, -1.309585316967E+2, -6.862239618988E+1, -1.011979819775E+2
5.431166803507E+4, 5.431166803504E+4, 1.704074528302E-6, 1.075294292074E+2, 1.103991952963E+0, 0.000000000000E+0, -1.309524245662E+2, -6.637303093811E+1, -1.215181462264E+2
5.444286787481E+4, 5.444286787494E+4, 1.498589816526E-6, 1.463574430344E+2, 1.103991952963E+0, 0.000000000000E+0, -1.309762509017E+2, -6.749258309346E+1, -8.266630606388E+1
5.457438465194E+4, 5.457438465204E+4, 2.086844984911E-6, 1.371784232916E+2, 1.103991952963E+0, 0.000000000000E+0, -1.309830147566E+2, -6.461584236672E+1, -9.183856195179E+1
5.470621913206E+4, 5.470621913179E+4, 1.585201666768E-6, 1.551040625224E+2, 1.103991952963E+0, 0.000000000000E+0, -1.309871579650E+2, -6.700347537945E+1, -7.390877951255E+1
5.483837208267E+4, 5.483837208267E+4, 1.789164198976E-6, 1.291828569671E+2, 1.103991952963E+0, 0.000000000000E+0, -1.309953683650E+2, -6.595155934254E+1, -9.982177466788E+1
5.497084427307E+4, 5.497084427311E+4, 9.575697761693E-7, 1.315858535910E+2, 1.103991952963E+0, 0.000000000000E+0, -1.309850165689E+2, -7.138309557865E+1, -9.742912984008E+1
5.510363647445E+4, 5.510363647456E+4, 1.204831483951E-6, 1.235373145936E+2, 1.103991952963E+0, 0.000000000000E+0, -1.309956362398E+2, -6.938878211493E+1, -1.054670491666E+2
5.523674945986E+4, 5.523674945994E+4, 1.773377695368E-6, 1.334518160949E+2, 1.103991952963E+0, 0.000000000000E+0, -1.309790368601E+2, -6.602812218987E+1, -9.556914704499E+1
5.537018400420E+4, 5.537018400442E+4, 1.223470557254E-6, 1.091166660354E+2, 1.103991952963E+0, 0.000000000000E+0, -1.309844083968E+2, -6.925264061570E+1, -1.198989255678E+2
5.550394088427E+4, 5.550394088392E+4, 1.342930222816E-6, 1.359910442061E+2, 1.103991952963E+0, 0.000000000000E+0, -1.310072044924E+2, -6.844531850730E+1, -9.300175130153E+1
5.563802087873E+4, 5.563802087881E+4, 1.384500250480E-6, 1.548339545736E+2, 1.103991952963E+0, 0.000000000000E+0, -1.310272008359E+2, -6.818132344502E+1, -7.413884459049E+1
5.577242476811E+4, 5.577242476800E+4, 1.402135253855E-6, 1.591103525783E+2, 1.103991952963E+0, 0.000000000000E+0, -1.310151170259E+2, -6.807114650481E+1, -6.987453039574E+1
5.590715333485E+4, 5.590715333486E+4, 7.812031005874E-7, 1.694782634057E+2, 1.103991952963E+0, 0.000000000000E+0, -1.310341645456E+2, -7.315328320631E+1, -5.948757204870E+1
5.604220736326E+4, 5.604220736352E+4, 1.007150196770E-6, 1.199593628973E+2, 1.103991952963E+0, 0.000000000000E+0, -1.310313767564E+2, -7.094376763506E+1, -1.090092603463E+2
5.617758763956E+4, 5.617758763957E+4, 1.092108126590E-6, -1.589869402475E+2, 1.103991952963E+0, 0.000000000000E+0, -1.310374024628E+2, -7.024446238908E+1, -2.794953778470E+1
5.631329495186E+4, 5.631329495163E+4, 1.187379276886E-6, -1.587223371538E+2, 1.103991952963E+0, 0.000000000000E+0, -1.310526775337E+2, -6.951603714525E+1, -2.766965962009E+1
5.644933009017E+4, 5.644933009052E+4, 9.597699060251E-7, 1.644718099204E+2, 1.103991952963E+0, 0.000000000000E+0, -1.310416487489E+2, -7.136338244120E+1, -6.448654133076E+1
5.658569384642E+4, 5.658569384632E+4, 8.040696513759E-7, 1.543612361090E+2, 1.103991952963E+0, 0.000000000000E+0, -1.310456579978E+2, -7.290162940992E+1, -7.459310589321E+1
5.672238701444E+4, 5.672238701436E+4, 1.388986183429E-6, -1.215985253479E+2, 1.103991952963E+0, 0.000000000000E+0, -1.310600866019E+2, -6.815667017002E+1, 9.461561254066E+0
5.685941038999E+4, 5.685941038994E+4, 1.169823644441E-6, 1.555021669862E+2, 1.103991952963E+0, 0.000000000000E+0, -1.310543998902E+2, -6.964641068096E+1, -7.344343312361E+1
5.699676477075E+4, 5.699676477061E+4, 1.190203705244E-6, 1.770448110029E+2, 1.103991952963E+0, 0.000000000000E+0, -1.310707512283E+2, -6.949492440071E+1, -5.188443776874E+1
5.713445095632E+4, 5.713445095616E+4, 9.163205104741E-7, -1.703279329254E+2, 1.103991952963E+0, 0.000000000000E+0, -1.310669557641E+2, -7.176533038080E+1, -3.926097716130E+1
5.727246974824E+4, 5.727246974860E+4, 8.194661977289E-7, 1.712489010220E+2, 1.103991952963E+0, 0.000000000000E+0, -1.310790021329E+2, -7.273580479869E+1, -5.767209684512E+1
5.741082194997E+4, 5.741082194998E+4, 1.302956440189E-6, -1.781683083433E+2, 1.103991952963E+0, 0.000000000000E+0, -1.310895076830E+2, -6.870928111376E+1, -4.707880066032E+1
5.754950836694E+4, 5.754950836678E+4, 1.233386509133E-6, -1.605365695101E+2, 1.103991952963E+0, 0.000000000000E+0, -1.310945605050E+2, -6.918680573143E+1, -2.944200900505E+1
5.768852980650E+4, 5.768852980626E+4, 3.786991363019E-7, -1.571591346953E+2, 1.103991952963E+0, 0.000000000000E+0, -1.310737247820E+2, -7.944323570994E+1, -2.608540991334E+1
5.782788707795E+4, 5.782788707791E+4, 1.545496345415E-6, -1.626495879026E+2, 1.103991952963E+0, 0.000000000000E+0, -1.311029258363E+2, -6.722723994747E+1, -3.154666206624E+1
5.796758099257E+4, 5.796758099269E+4, 9.952962217866E-7, -1.492335281133E+2, 1.103991952963E+0, 0.000000000000E+0, -1.310982003256E+2, -7.104956448296E+1, -1.813532778765E+1
5.810761236357E+4, 5.810761236383E+4, 9.408613885126E-7, -1.134508755945E+2, 1.103991952963E+0, 0.000000000000E+0, -1.310943009565E+2, -7.153947462630E+1, 1.764342536197E+1
5.824798200615E+4, 5.824798200603E+4, 1.236572106630E-6, -1.743239258569E+2, 1.103991952963E+0, 0.000000000000E+0, -1.311219512887E+2, -6.916311769731E+1, -4.320197456812E+1
5.838869073746E+4, 5.838869073774E+4, 1.255272572699E-6, -1.629091454932E+2, 1.103991952963E+0, 0.000000000000E+0, -1.311194377601E+2, -6.903242773096E+1, -3.178970773316E+1
5.852973937663E+4, 5.852973937664E+4, 1.309593833587E-6, -1.526470361296E+2, 1.103991952963E+0, 0.000000000000E+0, -1.311237420105E+2, -6.866552447821E+1, -2.152329411911E+1
5.867112874477E+4, 5.867112874490E+4, 7.138811079994E-7, -1.414132372231E+2, 1.103991952963E+0, 0.000000000000E+0, -1.311199371215E+2, -7.393627454688E+1, -1.029330010163E+1
5.881285966498E+4, 5.881285966471E+4, 1.347793466037E-6, -1.295435582211E+2, 1.103991952963E+0, 0.000000000000E+0, -1.311344909987E+2, -6.841822933093E+1, 1.590932777571E+0
5.895493296234E+4, 5.895493296268E+4, 1.416465222844E-6, -1.340822420155E+2, 1.103991952963E+0, 0.000000000000E+0, -1.311358566451E+2, -6.798568970943E+1, -2.946385370420E+0
5.909734946392E+4, 5.909734946400E+4, 1.313557007634E-6, -1.342157767889E+2, 1.103991952963E+0, 0.000000000000E+0, -1.311450290218E+2, -6.864038348277E+1, -3.070747767151E+0
5.924010999880E+4, 5.924010999902E+4, 1.525911347638E-6, -1.430658801602E+2, 1.103991952963E+0, 0.000000000000E+0, -1.311480055422E+2, -6.733922110721E+1, -1.191787461797E+1
5.938321539805E+4, 5.938321539812E+4, 1.383741764976E-6, -1.246380650782E+2, 1.103991952963E+0, 0.000000000000E+0, -1.311492794840E+2, -6.819028496272E+1, 6.511214405818E+0
5.952666649476E+4, 5.952666649467E+4, 1.573256775016E-6, -1.324185618422E+2, 1.103991952963E+0, 0.000000000000E+0, -1.311597786343E+2, -6.707355064569E+1, -1.258783207899E+0
5.967046412402E+4, 5.967046412426E+4, 1.867163937147E-6, -1.290060991965E+2, 1.103991952963E+0, 0.000000000000E+0, -1.311641103972E+2, -6.558695657778E+1, 2.158011200623E+0
5.981460912294E+4, 5.981460912324E+4, 2.472145753552E-6, -1.179581220063E+2, 1.103991952963E+0, 0.000000000000E+0, -1.311694510634E+2, -6.315156177598E+1, 1.321132905704E+1
5.995910233066E+4, 5.995910233093E+4, 1.880594011777E-6, -1.231668784364E+2, 1.103991952963E+0, 0.000000000000E+0, -1.311577057890E+2, -6.552530464957E+1, 7.990827352643E+0
6.010394458834E+4, 6.010394458816E+4, 1.758136931277E-6, -1.318871709036E+2, 1.103991952963E+0, 0.000000000000E+0, -1.311783808682E+2, -6.610988530918E+1, -7.087900354355E-1
6.024913673919E+4, 6.024913673947E+4, 2.401864803310E-6, -1.168722208991E+2, 1.103991952963E+0, 0.000000000000E+0, -1.311885742891E+2, -6.340130407032E+1, 1.431635339005E+1
6.039467962842E+4, 6.039467962868E+4, 2.808026946354E-6, -1.226506769146E+2, 1.103991952963E+0, 0.000000000000E+0, -1.311979734267E+2, -6.204544995780E+1, 8.547296512107E+0
6.054057410331E+4, 6.054057410331E+4, 2.675714261941E-6, -1.132947842911E+2, 1.103991952963E+0, 0.000000000000E+0, -1.311950820478E+2, -6.246425875001E+1, 1.790029775679E+1
6.068682101318E+4, 6.068682101315E+4, 2.886190657838E-6, -1.194014559261E+2, 1.103991952963E+0, 0.000000000000E+0, -1.312062440938E+2, -6.180627599655E+1, 1.180478816768E+1
6.083342120941E+4, 6.083342120945E+4, 2.681620627219E-6, -1.157478183353E+2, 1.103991952963E+0, 0.000000000000E+0, -1.312112843983E+2, -6.244562903131E+1, 1.546346606302E+1
6.098037554542E+4, 6.098037554572E+4, 3.342984064035E-6, -1.142117224224E+2, 1.103991952963E+0, 0.000000000000E+0, -1.312123001024E+2, -6.053133329932E+1, 1.700057768002E+1
6.112768487670E+4, 6.112768487696E+4, 4.014852952399E-6, -1.125800917015E+2, 1.103991952963E+0, 0.000000000000E+0, -1.312258221129E+2, -5.894270628047E+1, 1.864573041139E+1
6.127535006080E+4, 6.127535006115E+4, 3.742269510376E-6, -1.127691750657E+2, 1.103991952963E+0, 0.000000000000E+0, -1.312292584650E+2, -5.955251526946E+1, 1.846008339927E+1
6.142337195737E+4, 6.142337195701E+4, 4.329231624615E-6, -1.156332560256E+2, 1.103991952963E+0, 0.000000000000E+0, -1.312387523459E+2, -5.828778833608E+1, 1.560549632029E+1
6.157175142809E+4, 6.157175142775E+4, 4.662347782219E-6, -1.159917001825E+2, 1.103991952963E+0, 0.000000000000E+0, -1.312516440760E+2, -5.764498276006E+1, 1.525994389350E+1
6.172048933676E+4, 6.172048933657E+4, 4.353953509676E-6, -1.222840467956E+2, 1.103991952963E+0, 0.000000000000E+0, -1.312548105047E+2, -5.823713345924E+1, 8.970763709045E+0
6.186958654925E+4, 6.186958654890E+4, 4.059520617398E-6, -1.166555908502E+2, 1.103991952963E+0, 0.000000000000E+0, -1.312572320364E+2, -5.884585232860E+1, 1.460164118626E+1
6.201904393353E+4, 6.201904393318E+4, 4.889608976395E-6, -1.179092256881E+2, 1.103991952963E+0, 0.000000000000E+0, -1.312711056617E+2, -5.723105233967E+1, 1.336187997369E+1
6.216886235965E+4, 6.216886235933E+4, 4.786932728045E-6, -1.136096003185E+2, 1.103991952963E+0, 0.000000000000E+0, -1.312690172799E+2, -5.741568063348E+1, 1.765941696140E+1
6.231904269978E+4, 6.231904269949E+4, 5.602696388540E-6, -1.112627102960E+2, 1.103991952963E+0, 0.000000000000E+0, -1.312780227588E+2, -5.604989343865E+1, 2.001531246279E+1
6.246958582819E+4, 6.246958582807E+4, 5.705201257348E-6, -1.122210106693E+2, 1.103991952963E+0, 0.000000000000E+0, -1.312876586607E+2, -5.589244318161E+1, 1.906664799139E+1
6.262049262125E+4, 6.262049262094E+4, 6.321255565192E-6, -1.171387283733E+2, 1.103991952963E+0, 0.000000000000E+0, -1.313015630620E+2, -5.500238226932E+1, 1.416283468867E+1
6.277176395748E+4, 6.277176395773E+4, 6.702689229642E-6, -1.180726660915E+2, 1.103991952963E+0, 0.000000000000E+0, -1.313152680424E+2, -5.449501147564E+1, 1.324260195087E+1
6.292340071749E+4, 6.292340071731E+4, 7.729169018503E-6, -1.170911880184E+2, 1.103991952963E+0, 0.000000000000E+0, -1.313255559428E+2, -5.325878486066E+1, 1.423436792438E+1
6.307540378403E+4, 6.307540378376E+4, 8.649826246688E-6, -1.121465185494E+2, 1.103991952963E+0, 0.000000000000E+0, -1.313465857900E+2, -5.228397633768E+1, 1.920006724060E+1
6.322777404198E+4, 6.322777404193E+4, 9.566586712521E-6, -1.167805057492E+2, 1.103991952963E+0, 0.000000000000E+0, -1.313624503201E+2, -5.140887644798E+1, 1.458194457092E+1
6.338051237835E+4, 6.338051237815E+4, 1.033842960463E-5, -1.171459781866E+2, 1.103991952963E+0, 0.000000000000E+0, -1.313801113143E+2, -5.073723469529E+1, 1.423413312764E+1
6.353361968232E+4, 6.353361968248E+4, 1.310301635094E-5, -1.226023676456E+2, 1.103991952963E+0, 0.000000000000E+0, -1.314318939322E+2, -4.868207310415E+1, 8.829526286606E+0
6.368709684519E+4, 6.368709684498E+4, 1.550103069325E-5, -1.256782878012E+2, 1.103991952963E+0, 0.000000000000E+0, -1.314669763853E+2, -4.722224136007E+1, 5.788688584022E+0
6.384094476041E+4, 6.384094476019E+4, 2.009907602546E-5, -1.317313929100E+2, 1.103991952963E+0, 0.000000000000E+0, -1.315622851806E+2, -4.496982584924E+1, -1.691077293659E-1
6.399516432362E+4, 6.399516432339E+4, 2.748182614381E-5, -1.536004952425E+2, 1.103991952963E+0, 0.000000000000E+0, -1.316663559098E+2, -4.223210863796E+1, -2.193413933272E+1
6.414975643260E+4, 6.414975643285E+4, 3.525198442861E-5, -1.681703753744E+2, 1.103991952963E+0, 0.000000000000E+0, -1.318592578463E+2, -4.005648018829E+1, -3.631111752811E+1
6.430472198729E+4, 6.430472198758E+4, 2.840134445719E-5, 1.499864233563E+2, 1.103991952963E+0, 0.000000000000E+0, -1.315961768741E+2, -4.188740554306E+1, -7.841739976959E+1
6.446006188983E+4, 6.446006188959E+4, 2.814743000953E-5, 1.342907456093E+2, 1.103991952963E+0, 0.000000000000E+0, -1.314704566347E+2, -4.195695754826E+1, -9.423879775602E+1
6.461577704452E+4, 6.461577704460E+4, 1.750913459469E-5, 1.171725913457E+2, 1.103991952963E+0, 0.000000000000E+0, -1.312646389490E+2, -4.609776343853E+1, -1.115627697053E+2
6.477186835786E+4, 6.477186835760E+4, 1.326523773230E-5, 1.051637502340E+2, 1.103991952963E+0, 0.000000000000E+0, -1.313183468340E+2, -4.852531456154E+1, -1.235179029320E+2
6.492833673852E+4, 6.492833673878E+4, 1.106248294152E-5, 9.984961498693E+1, 1.103991952963E+0, 0.000000000000E+0, -1.312790117498E+2, -5.010987945546E+1, -1.288713732633E+2
6.508518309737E+4, 6.508518309762E+4, 7.692267372811E-6, 1.027088702603E+2, 1.103991952963E+0, 0.000000000000E+0, -1.313098736149E+2, -5.326983153242E+1, -1.259812561247E+2
6.524240834751E+4, 6.524240834729E+4, 6.086938053007E-6, 1.076630642213E+2, 1.103991952963E+0, 0.000000000000E+0, -1.313024164043E+2, -5.530437075561E+1, -1.210345193744E+2
6.540001340419E+4, 6.540001340397E+4, 4.983124738874E-6, 1.052931597049E+2, 1.103991952963E+0, 0.000000000000E+0, -1.313122519928E+2, -5.704478161581E+1, -1.233945883023E+2
6.555799918493E+4, 6.555799918459E+4, 4.702119398282E-6, 1.089000038365E+2, 1.103991952963E+0, 0.000000000000E+0, -1.313197195532E+2, -5.755426895041E+1, -1.197802766102E+2
6.571636660943E+4, 6.571636660979E+4, 3.900714233322E-6, 1.153834012652E+2, 1.103991952963E+0, 0.000000000000E+0, -1.313284188876E+2, -5.917790416936E+1, -1.132881798472E+2
6.587511659961E+4, 6.587511659948E+4, 3.174616758390E-6, 1.168540507809E+2, 1.103991952963E+0, 0.000000000000E+0, -1.313362445393E+2, -6.096746084167E+1, -1.118097046798E+2
6.603425007965E+4, 6.603425007953E+4, 2.948407927547E-6, 1.085078010508E+2, 1.103991952963E+0, 0.000000000000E+0, -1.313359937475E+2, -6.160948090359E+1, -1.201562052017E+2
6.619376797592E+4, 6.619376797580E+4, 3.123058338744E-6, 1.181127741620E+2, 1.103991952963E+0, 0.000000000000E+0, -1.313584963070E+2, -6.110907757983E+1, -1.105287295311E+2
6.635367121705E+4, 6.635367121717E+4, 2.662680983843E-6, 1.115290369276E+2, 1.103991952963E+0, 0.000000000000E+0, -1.313529800757E+2, -6.249550756190E+1, -1.171179829967E+2
6.651396073393E+4, 6.651396073398E+4, 2.156408790902E-6, 1.194864736291E+2, 1.103991952963E+0, 0.000000000000E+0, -1.313589388555E+2, -6.432924730317E+1, -1.091545875154E+2
6.667463745966E+4, 6.667463745956E+4, 2.184022550604E-6, 1.241300735224E+2, 1.103991952963E+0, 0.000000000000E+0, -1.313659471498E+2, -6.421788024729E+1, -1.045039793278E+2
6.683570232962E+4, 6.683570232948E+4, 2.162630938397E-6, 1.261054765270E+2, 1.103991952963E+0, 0.000000000000E+0, -1.313745260779E+2, -6.430402879392E+1, -1.025199973950E+2
6.699715628145E+4, 6.699715628155E+4, 2.087391160195E-6, 1.204758259400E+2, 1.103991952963E+0, 0.000000000000E+0, -1.313702090329E+2, -6.461087144626E+1, -1.081539650270E+2
6.715900025504E+4, 6.715900025508E+4, 2.265299068654E-6, 1.258492116834E+2, 1.103991952963E+0, 0.000000000000E+0, -1.313849523440E+2, -6.390078751818E+1, -1.027658359727E+2
6.732123519257E+4, 6.732123519235E+4, 1.887586039848E-6, 1.173701193498E+2, 1.103991952963E+0, 0.000000000000E+0, -1.313812947975E+2, -6.548572861480E+1, -1.112485858527E+2
6.748386203848E+4, 6.748386203864E+4, 1.778986744199E-6, 1.276110084915E+2, 1.103991952963E+0, 0.000000000000E+0, -1.314011729879E+2, -6.600010806892E+1, -1.009878185205E+2
6.764688173949E+4, 6.764688173920E+4, 1.573950496139E-6, 1.294059449158E+2, 1.103991952963E+0, 0.000000000000E+0, -1.313988408661E+2, -6.706579637910E+1, -9.919521421812E+1
6.781029524462E+4, 6.781029524454E+4, 1.920327198654E-6, 1.397072062556E+2, 1.103991952963E+0, 0.000000000000E+0, -1.314035676791E+2, -6.533643267825E+1, -8.888922606524E+1
6.797410350518E+4, 6.797410350515E+4, 1.166890546966E-6, 1.678849691888E+2, 1.103991952963E+0, 0.000000000000E+0, -1.314117548558E+2, -6.966737898163E+1, -6.070327595543E+1
6.813830747477E+4, 6.813830747451E+4, 1.384965653521E-6, 1.547600000820E+2, 1.103991952963E+0, 0.000000000000E+0, -1.314239650741E+2, -6.817705165282E+1, -7.381603484390E+1
6.830290810930E+4, 6.830290810907E+4, 1.784190990472E-6, 1.654127241297E+2, 1.103991952963E+0, 0.000000000000E+0, -1.314296497330E+2, -6.597671256196E+1, -6.315762613731E+1
6.846790636699E+4, 6.846790636679E+4, 1.406569543424E-6, 1.604779668265E+2, 1.103991952963E+0, 0.000000000000E+0, -1.314260575735E+2, -6.804320902742E+1, -6.809597560002E+1
6.863330320836E+4, 6.863330320861E+4, 1.896367597545E-6, 1.697497068142E+2, 1.103991952963E+0, 0.000000000000E+0, -1.314444119717E+2, -6.544671806866E+1, -5.880588121412E+1
6.879909959628E+4, 6.879909959622E+4, 1.503320706524E-6, 1.571113230285E+2, 1.103991952963E+0, 0.000000000000E+0, -1.314444945463E+2, -6.746505258385E+1, -7.144418242513E+1
6.896529649591E+4, 6.896529649577E+4, 1.355589045442E-6, 1.451938032398E+2, 1.103991952963E+0, 0.000000000000E+0, -1.314408256674E+2, -6.836256730436E+1, -8.336537109280E+1
6.913189487477E+4, 6.913189487491E+4, 2.172894243730E-6, -1.762612664738E+2, 1.103991952963E+0, 0.000000000000E+0, -1.314621041595E+2, -6.426372177072E+1, -4.479916231433E+1
6.929889570271E+4, 6.929889570280E+4, 1.807748057625E-6, 1.637673830646E+2, 1.103991952963E+0, 0.000000000000E+0, -1.314398448596E+2, -6.586462597464E+1, -6.479277207586E+1
6.946629995192E+4, 6.946629995156E+4, 2.064260258782E-6, -1.797479717819E+2, 1.103991952963E+0, 0.000000000000E+0, -1.314773937484E+2, -6.471170484808E+1, -4.827057803352E+1
6.963410859693E+4, 6.963410859704E+4, 1.646262888688E-6, 1.520196419684E+2, 1.103991952963E+0, 0.000000000000E+0, -1.314658165988E+2, -6.667609050957E+1, -7.651454143283E+1
6.980232261463E+4, 6.980232261437E+4, 1.550202600700E-6, 1.677595575091E+2, 1.103991952963E+0, 0.000000000000E+0, -1.314657293765E+2, -6.719879864051E+1, -6.077471311431E+1
6.997094298429E+4, 6.997094298463E+4, 1.213045405863E-6, 1.660525903556E+2, 1.103991952963E+0, 0.000000000000E+0, -1.314752307287E+2, -6.932944554514E+1, -6.247217891575E+1
7.013997068751E+4, 7.013997068739E+4, 1.863697944876E-6, 1.781530748928E+2, 1.103991952963E+0, 0.000000000000E+0, -1.314927553390E+2, -6.559866829905E+1, -5.035416976820E+1
7.030940670829E+4, 7.030940670823E+4, 1.806347939141E-6, -1.735425398891E+2, 1.103991952963E+0, 0.000000000000E+0, -1.314943067246E+2, -6.587065397170E+1, -4.204823316448E+1
7.047925203299E+4, 7.047925203270E+4, 1.971033753604E-6, 1.687539828011E+2, 1.103991952963E+0, 0.000000000000E+0, -1.314962757753E+2, -6.511214396935E+1, -5.974974142359E+1
7.064950765036E+4, 7.064950765010E+4, 1.899982705383E-6, 1.770742214416E+2, 1.103991952963E+0, 0.000000000000E+0, -1.314984636971E+2, -6.543175952865E+1, -5.142731486127E+1
7.082017455154E+4, 7.082017455119E+4, 2.649520106906E-6, 1.696727010467E+2, 1.103991952963E+0, 0.000000000000E+0, -1.315198873366E+2, -6.254224587772E+1, -5.880741161673E+1
7.099125373006E+4, 7.099125372974E+4, 1.877534408747E-6, -1.714744972691E+2, 1.103991952963E+0, 0.000000000000E+0, -1.315194114587E+2, -6.553498143818E+1, -3.995508581045E+1
7.116274618186E+4, 7.116274618177E+4, 2.015330076093E-6, -1.799783045021E+2, 1.103991952963E+0, 0.000000000000E+0, -1.315201952158E+2, -6.492037653543E+1, -4.845810928638E+1
7.133465290526E+4, 7.133465290551E+4, 1.496118925009E-6, 1.692857481816E+2, 1.103991952963E+0, 0.000000000000E+0, -1.315172630286E+2, -6.750740148218E+1, -5.919698878984E+1
7.150697490103E+4, 7.150697490069E+4, 1.566765329683E-6, -1.693355496991E+2, 1.103991952963E+0, 0.000000000000E+0, -1.315221071950E+2, -6.710831321782E+1, -3.781344250412E+1
7.167971317232E+4, 7.167971317227E+4, 1.517332092450E-6, 1.655366581022E+2, 1.103991952963E+0, 0.000000000000E+0, -1.315246156523E+2, -6.738535981848E+1, -6.293872624543E+1
7.185286872473E+4, 7.185286872446E+4, 1.830491506251E-6, -1.596938969136E+2, 1.103991952963E+0, 0.000000000000E+0, -1.315420234236E+2, -6.575709560635E+1, -2.815187349005E+1
7.202644256628E+4, 7.202644256594E+4, 1.906914262748E-6, 1.788093718149E+2, 1.103991952963E+0, 0.000000000000E+0, -1.315435217475E+2, -6.540007837784E+1, -4.964710643759E+1
7.220043570742E+4, 7.220043570765E+4, 2.209683429127E-6, -1.686339578107E+2, 1.103991952963E+0, 0.000000000000E+0, -1.315520667049E+2, -6.412107105170E+1, -3.708189110581E+1
7.237484916104E+4, 7.237484916125E+4, 1.832886641755E-6, -1.702008308107E+2, 1.103991952963E+0, 0.000000000000E+0, -1.315552438865E+2, -6.574564244000E+1, -3.864558692425E+1
7.254968394249E+4, 7.254968394214E+4, 1.736125814501E-6, -1.574580060003E+2, 1.103991952963E+0, 0.000000000000E+0, -1.315596461739E+2, -6.621757303298E+1, -2.589835982642E+1
7.272494106957E+4, 7.272494106946E+4, 1.631847035014E-6, -1.608595305567E+2, 1.103991952963E+0, 0.000000000000E+0, -1.315414121912E+2, -6.675586666200E+1, -2.931811836548E+1
7.290062156252E+4, 7.290062156233E+4, 1.873562232469E-6, -1.488234809204E+2, 1.103991952963E+0, 0.000000000000E+0, -1.315711224198E+2, -6.555603470378E+1, -1.725235850059E+1
7.307672644407E+4, 7.307672644437E+4, 1.747848079615E-6, -1.720088234358E+2, 1.103991952963E+0, 0.000000000000E+0, -1.315671347272E+2, -6.615748899691E+1, -4.044168870864E+1
7.325325673941E+4, 7.325325673918E+4, 2.125970924339E-6, -1.548760552733E+2, 1.103991952963E+0, 0.000000000000E+0, -1.315866745683E+2, -6.445774315506E+1, -2.328938070504E+1
7.343021347619E+4, 7.343021347634E+4, 1.902844832518E-6, -1.783148112978E+2, 1.103991952963E+0, 0.000000000000E+0, -1.315831969728E+2, -6.541995559846E+1, -4.673161432494E+1
7.360759768457E+4, 7.360759768467E+4, 2.113783719028E-6, -1.733247129683E+2, 1.103991952963E+0, 0.000000000000E+0, -1.315960529228E+2, -6.450707537189E+1, -4.172866004551E+1
7.378541039719E+4, 7.378541039749E+4, 1.873591271152E-6, -1.704130330707E+2, 1.103991952963E+0, 0.000000000000E+0, -1.315929907501E+2, -6.555396484737E+1, -3.882004232055E+1
7.396365264917E+4, 7.396365264885E+4, 1.846313137923E-6, -1.523906903393E+2, 1.103991952963E+0, 0.000000000000E+0, -1.315982763151E+2, -6.568323439909E+1, -2.079241402413E+1
7.414232547814E+4, 7.414232547802E+4, 1.913838291028E-6, -1.563884462158E+2, 1.103991952963E+0, 0.000000000000E+0, -1.316075471285E+2, -6.537066363600E+1, -2.478089908721E+1
7.432142992425E+4, 7.432142992428E+4, 2.715409608237E-6, -1.520743309772E+2, 1.103991952963E+0, 0.000000000000E+0, -1.316238321985E+2, -6.233262760243E+1, -2.045049877865E+1
7.450096703015E+4, 7.450096702989E+4, 2.560299930754E-6, -1.487151686508E+2, 1.103991952963E+0, 0.000000000000E+0, -1.316258392178E+2, -6.284358468916E+1, -1.708932943304E+1
7.468093784100E+4, 7.468093784084E+4, 2.528516579216E-6, -1.687223231023E+2, 1.103991952963E+0, 0.000000000000E+0, -1.316334070922E+2, -6.295028487876E+1, -3.708891601018E+1
7.486134340450E+4, 7.486134340461E+4, 1.948520870357E-6, -1.584190852518E+2, 1.103991952963E+0, 0.000000000000E+0, -1.316301247759E+2, -6.521437751786E+1, -2.678896047588E+1
7.504218477087E+4, 7.504218477091E+4, 1.999282729739E-6, -1.583034917732E+2, 1.103991952963E+0, 0.000000000000E+0, -1.316343183227E+2, -6.499108883799E+1, -2.666917345048E+1
7.522346299288E+4, 7.522346299321E+4, 1.955013910987E-6, -1.601432764019E+2, 1.103991952963E+0, 0.000000000000E+0, -1.316369950274E+2, -6.518580145006E+1, -2.850628137442E+1
7.540517912583E+4, 7.540517912570E+4, 1.947740417411E-6, -1.578963038341E+2, 1.103991952963E+0, 0.000000000000E+0, -1.316425172388E+2, -6.521827736115E+1, -2.625378659523E+1
7.558733422758E+4, 7.558733422780E+4, 2.273621211596E-6, -1.610900706504E+2, 1.103991952963E+0, 0.000000000000E+0, -1.316547925149E+2, -6.387344493008E+1, -2.943527813553E+1
7.576992935853E+4, 7.576992935817E+4, 1.829834863385E-6, -1.503393501922E+2, 1.103991952963E+0, 0.000000000000E+0, -1.316531781081E+2, -6.576059229267E+1, -1.868617208412E+1
7.595296558167E+4, 7.595296558147E+4, 2.010356277239E-6, -1.619527252579E+2, 1.103991952963E+0, 0.000000000000E+0, -1.316550917653E+2, -6.494192934088E+1, -3.029763349259E+1
7.613644396251E+4, 7.613644396233E+4, 2.028824927913E-6, -1.612891947501E+2, 1.103991952963E+0, 0.000000000000E+0, -1.316650069368E+2, -6.486381513758E+1, -2.962418781333E+1
7.632036556919E+4, 7.632036556913E+4, 2.103923101841E-6, -1.516392248745E+2, 1.103991952963E+0, 0.000000000000E+0, -1.316724373149E+2, -6.454870889225E+1, -1.996678755964E+1
7.650473147239E+4, 7.650473147248E+4, 2.309877998763E-6, -1.436362414301E+2, 1.103991952963E+0, 0.000000000000E+0, -1.316783637807E+2, -6.373826104121E+1, -1.195787764941E+1
7.668954274540E+4, 7.668954274521E+4, 2.306656632316E-6, -1.600981564034E+2, 1.103991952963E+0, 0.000000000000E+0, -1.316833367507E+2, -6.374895360096E+1, -2.841481965273E+1
7.687480046408E+4, 7.687480046393E+4, 2.329019723460E-6, -1.612360417327E+2, 1.103991952963E+0, 0.000000000000E+0, -1.316928194746E+2, -6.366528540989E+1, -2.954322225807E+1
7.706050570691E+4, 7.706050570668E+4, 2.082795532215E-6, -1.548489928468E+2, 1.103991952963E+0, 0.000000000000E+0, -1.316920943471E+2, -6.463576956087E+1, -2.315689849967E+1
7.724665955497E+4, 7.724665955529E+4, 1.997226325520E-6, -1.557075762897E+2, 1.103991952963E+0, 0.000000000000E+0, -1.316945718737E+2, -6.500020846254E+1, -2.401300441599E+1
7.743326309194E+4, 7.743326309228E+4, 2.173378164644E-6, -1.619429567446E+2, 1.103991952963E+0, 0.000000000000E+0, -1.317033402442E+2, -6.426560235019E+1, -3.023961650037E+1
7.762031740413E+4, 7.762031740395E+4, 1.867652171301E-6, -1.516434306333E+2, 1.103991952963E+0, 0.000000000000E+0, -1.317059832028E+2, -6.558356025013E+1, -1.993744743049E+1
7.780782358048E+4, 7.780782358029E+4, 2.264479237324E-6, -1.528960455000E+2, 1.103991952963E+0, 0.000000000000E+0, -1.317179001259E+2, -6.391052915813E+1, -2.117814537415E+1
7.799578271253E+4, 7.799578271282E+4, 2.500812936352E-6, -1.614930114820E+2, 1.103991952963E+0, 0.000000000000E+0, -1.317295211531E+2, -6.304825589042E+1, -2.976349032892E+1
7.818419589450E+4, 7.818419589452E+4, 2.446414134621E-6, -1.589979919238E+2, 1.103991952963E+0, 0.000000000000E+0, -1.317250826844E+2, -6.323811446833E+1, -2.727290923939E+1
7.837306422322E+4, 7.837306422285E+4, 2.447222679642E-6, -1.618978482748E+2, 1.103991952963E+0, 0.000000000000E+0, -1.317335371727E+2, -6.323532971508E+1, -3.016431110203E+1
7.856238879818E+4, 7.856238879828E+4, 2.779755729434E-6, -1.504934299040E+2, 1.103991952963E+0, 0.000000000000E+0, -1.317425619619E+2, -6.212988475753E+1, -1.875086794206E+1
7.875217072153E+4, 7.875217072126E+4, 2.203008050858E-6, -1.529373561418E+2, 1.103991952963E+0, 0.000000000000E+0, -1.317378459928E+2, -6.414858631611E+1, -2.119951014903E+1
7.894241109808E+4, 7.894241109820E+4, 2.690798414688E-6, -1.513768660709E+2, 1.103991952963E+0, 0.000000000000E+0, -1.317483392729E+2, -6.241160262598E+1, -1.962852679797E+1
7.913311103530E+4, 7.913311103554E+4, 2.640256400373E-6, -1.551547817462E+2, 1.103991952963E+0, 0.000000000000E+0, -1.317632288993E+2, -6.257686340571E+1, -2.339155284696E+1
7.932427164336E+4, 7.932427164342E+4, 2.757806025303E-6, -1.529095859886E+2, 1.103991952963E+0, 0.000000000000E+0, -1.317656354239E+2, -6.219823926507E+1, -2.114395056470E+1
7.951589403508E+4, 7.951589403497E+4, 3.117864658498E-6, -1.596668308548E+2, 1.103991952963E+0, 0.000000000000E+0, -1.317743409621E+2, -6.113134145296E+1, -2.789248989270E+1
7.970797932599E+4, 7.970797932632E+4, 2.890871193448E-6, -1.599060488065E+2, 1.103991952963E+0, 0.000000000000E+0, -1.317802172636E+2, -6.178863038579E+1, -2.812583154282E+1
7.990052863430E+4, 7.990052863434E+4, 3.043769019610E-6, -1.589362687333E+2, 1.103991952963E+0, 0.000000000000E+0, -1.317851733395E+2, -6.134010459979E+1, -2.715109539380E+1
8.009354308095E+4, 8.009354308111E+4, 2.811218087487E-6, -1.582552297407E+2, 1.103991952963E+0, 0.000000000000E+0, -1.317910924202E+2, -6.203123009739E+1, -2.646413732052E+1
8.028702378955E+4, 8.028702378947E+4, 2.967630548453E-6, -1.559041337569E+2, 1.103991952963E+0, 0.000000000000E+0, -1.317907521326E+2, -6.156125408712E+1, -2.411338162424E+1
8.048097188644E+4, 8.048097188674E+4, 2.823250997850E-6, -1.526069375003E+2, 1.103991952963E+0, 0.000000000000E+0, -1.317991903604E+2, -6.199369999202E+1, -2.080774713993E+1
8.067538850069E+4, 8.067538850096E+4, 2.614295557079E-6, -1.521093493215E+2, 1.103991952963E+0, 0.000000000000E+0, -1.317991988076E+2, -6.266206327149E+1, -2.031015051390E+1
8.087027476409E+4, 8.087027476392E+4, 3.248880878852E-6, -1.655584867818E+2, 1.103991952963E+0, 0.000000000000E+0, -1.318248915526E+2, -6.077333152787E+1, -3.373359522922E+1
8.106563181116E+4, 8.106563181116E+4, 3.028077623009E-6, -1.660483260062E+2, 1.103991952963E+0, 0.000000000000E+0, -1.318136293391E+2, -6.138513776674E+1, -3.423469666711E+1
8.126146077917E+4, 8.126146077892E+4, 3.122592320027E-6, -1.519832145424E+2, 1.103991952963E+0, 0.000000000000E+0, -1.318232660013E+2, -6.111965144248E+1, -2.015994854110E+1
8.145776280813E+4, 8.145776280795E+4, 3.751038565052E-6, -1.537614040480E+2, 1.103991952963E+0, 0.000000000000E+0, -1.318396182168E+2, -5.952749106432E+1, -2.192178583120E+1
8.165453904080E+4, 8.165453904049E+4, 3.553961770422E-6, -1.440851921588E+2, 1.103991952963E+0, 0.000000000000E+0, -1.318397613037E+2, -5.999711706664E+1, -1.224543085509E+1
8.185179062272E+4, 8.185179062249E+4, 3.322862546858E-6, -1.573920051208E+2, 1.103991952963E+0, 0.000000000000E+0, -1.318424347021E+2, -6.057943152382E+1, -2.554957041866E+1
8.204951870217E+4, 8.204951870216E+4, 2.896594085486E-6, -1.447324823305E+2, 1.103991952963E+0, 0.000000000000E+0, -1.318412982555E+2, -6.177188303065E+1, -1.289118407500E+1
8.224772443022E+4, 8.224772442993E+4, 2.605209086216E-6, -1.606167027405E+2, 1.103991952963E+0, 0.000000000000E+0, -1.318418717126E+2, -6.269022747295E+1, -2.877483102792E+1
8.244640896072E+4, 8.244640896073E+4, 2.840283153460E-6, -1.529671609940E+2, 1.103991952963E+0, 0.000000000000E+0, -1.318520336612E+2, -6.194218440435E+1, -2.111512733283E+1
8.264557345031E+4, 8.264557345022E+4, 3.340808392164E-6, -1.557650731732E+2, 1.103991952963E+0, 0.000000000000E+0, -1.318654132500E+2, -6.053185992627E+1, -2.389965992315E+1
8.284521905841E+4, 8.284521905853E+4, 3.283260616614E-6, -1.622985739764E+2, 1.103991952963E+0, 0.000000000000E+0, -1.318761144807E+2, -6.068301899125E+1, -3.042245949571E+1
8.304534694726E+4, 8.304534694730E+4, 3.547547274183E-6, -1.613694522679E+2, 1.103991952963E+0, 0.000000000000E+0, -1.318804833409E+2, -6.001002425856E+1, -2.948896892702E+1
8.324595828190E+4, 8.324595828189E+4, 3.815783521468E-6, -1.526151643148E+2, 1.103991952963E+0, 0.000000000000E+0, -1.318862410081E+2, -5.937734504854E+1, -2.072892330670E+1
8.344705423017E+4, 8.344705422989E+4, 3.922682597407E-6, -1.636130341335E+2, 1.103991952963E+0, 0.000000000000E+0, -1.318979157306E+2, -5.913647093214E+1, -3.171511840284E+1
8.364863596275E+4, 8.364863596263E+4, 3.593625536211E-6, -1.677080196743E+2, 1.103991952963E+0, 0.000000000000E+0, -1.318946044748E+2, -5.989645409504E+1, -3.581341519954E+1
8.385070465314E+4, 8.385070465295E+4, 3.666685162024E-6, -1.553450789022E+2, 1.103991952963E+0, 0.000000000000E+0, -1.319055405427E+2, -5.972343305792E+1, -2.343953835949E+1
8.405326147768E+4, 8.405326147738E+4, 3.541449334044E-6, -1.589117201350E+2, 1.103991952963E+0, 0.000000000000E+0, -1.319047240940E+2, -6.002483146343E+1, -2.700699604095E+1
8.425630761555E+4, 8.425630761547E+4, 3.768132736291E-6, -1.628317141040E+2, 1.103991952963E+0, 0.000000000000E+0, -1.319186715438E+2, -5.948599807131E+1, -3.091304256023E+1
8.445984424877E+4, 8.445984424899E+4, 4.059052213332E-6, -1.509735189500E+2, 1.103991952963E+0, 0.000000000000E+0, -1.319226320586E+2, -5.884151465558E+1, -1.905088689145E+1
8.466387256222E+4, 8.466387256195E+4, 4.475690140640E-6, -1.640668848049E+2, 1.103991952963E+0, 0.000000000000E+0, -1.319374140374E+2, -5.799061079145E+1, -3.212947076752E+1
8.486839374365E+4, 8.486839374360E+4, 4.691936037047E-6, -1.593382644195E+2, 1.103991952963E+0, 0.000000000000E+0, -1.319459578254E+2, -5.758200941447E+1, -2.739230659410E+1
8.507340898368E+4, 8.507340898390E+4, 6.526994082542E-6, 1.759831460567E+2, 1.103991952963E+0, 0.000000000000E+0, -1.319697812853E+2, -5.470828361212E+1, -5.204707265800E+1
8.527891947578E+4, 8.527891947583E+4, 2.302532395322E-6, 1.792942458497E+2, 1.103991952963E+0, 0.000000000000E+0, -1.319195016134E+2, -6.376251792079E+1, -4.878625253695E+1
8.548492641634E+4, 8.548492641609E+4, 3.171644569434E-6, -1.598397730402E+2, 1.103991952963E+0, 0.000000000000E+0, -1.319319627960E+2, -6.098345325638E+1, -2.790781024424E+1
8.569143100462E+4, 8.569143100434E+4, 3.125743827350E-6, -1.537203645333E+2, 1.103991952963E+0, 0.000000000000E+0, -1.319410360151E+2, -6.111149187381E+1, -2.177932851821E+1
8.589843444277E+4, 8.589843444252E+4, 3.565558869759E-6, -1.642004926202E+2, 1.103991952963E+0, 0.000000000000E+0, -1.319587567696E+2, -5.996448675022E+1, -3.224173585059E+1
8.610593793586E+4, 8.610593793552E+4, 3.508228714764E-6, -1.651583170218E+2, 1.103991952963E+0, 0.000000000000E+0, -1.319625022099E+2, -6.010745533315E+1, -3.319581481187E+1
8.631394269187E+4, 8.631394269198E+4, 3.245613975145E-6, -1.647744489945E+2, 1.103991952963E+0, 0.000000000000E+0, -1.319655670608E+2, -6.078141453304E+1, -3.280888193372E+1
8.652244992168E+4, 8.652244992202E+4, 3.765455278601E-6, -1.681836160878E+2, 1.103991952963E+0, 0.000000000000E+0, -1.319779965276E+2, -5.949080598695E+1, -3.620561956017E+1
8.673146083912E+4, 8.673146083876E+4, 3.583731453317E-6, -1.687171551364E+2, 1.103991952963E+0, 0.000000000000E+0, -1.319815813743E+2, -5.992051931682E+1, -3.673557376214E+1
8.694097666094E+4, 8.694097666126E+4, 4.148389751736E-6, -1.623071083242E+2, 1.103991952963E+0, 0.000000000000E+0, -1.319909917605E+2, -5.865067622549E+1, -3.031611656372E+1
8.715099860682E+4, 8.715099860712E+4, 3.731857588393E-6, -1.664556657304E+2, 1.103991952963E+0, 0.000000000000E+0, -1.319944142795E+2, -5.957003269784E+1, -3.446125145093E+1
8.736152789941E+4, 8.736152789915E+4, 3.729210682319E-6, -1.658671603665E+2, 1.103991952963E+0, 0.000000000000E+0, -1.319904802644E+2, -5.957480074413E+1, -3.387668010215E+1
8.757256576428E+4, 8.757256576462E+4, 3.888318598173E-6, -1.688193348094E+2, 1.103991952963E+0, 0.000000000000E+0, -1.320024500916E+2, -5.921065625330E+1, -3.681688471782E+1
8.778411343000E+4, 8.778411343009E+4, 4.184594805609E-6, -1.706039860538E+2, 1.103991952963E+0, 0.000000000000E+0, -1.320145092019E+2, -5.857323017169E+1, -3.858947685187E+1
8.799617212808E+4, 8.799617212805E+4, 4.185085707914E-6, -1.540023949569E+2, 1.103991952963E+0, 0.000000000000E+0, -1.319846602608E+2, -5.856396472517E+1, -2.201773469611E+1
8.820874309301E+4, 8.820874309325E+4, 4.390282658622E-6, -1.632547428130E+2, 1.103991952963E+0, 0.000000000000E+0, -1.320234663288E+2, -5.815913548256E+1, -3.123127648418E+1
8.842182756226E+4, 8.842182756194E+4, 4.147588885453E-6, -1.728228397439E+2, 1.103991952963E+0, 0.000000000000E+0, -1.320323423722E+2, -5.865021482456E+1, -4.079049737176E+1
8.863542677631E+4, 8.863542677631E+4, 3.630303078282E-6, -1.683188779443E+2, 1.103991952963E+0, 0.000000000000E+0, -1.320301080968E+2, -5.980792894532E+1, -3.628876984752E+1
8.884954197860E+4, 8.884954197857E+4, 4.352657108940E-6, -1.720122160606E+2, 1.103991952963E+0, 0.000000000000E+0, -1.320482373854E+2, -5.823125114780E+1, -3.996397867521E+1
8.906417441562E+4, 8.906417441541E+4, 4.007764177761E-6, -1.757394805356E+2, 1.103991952963E+0, 0.000000000000E+0, -1.320502562711E+2, -5.894819261274E+1, -4.368922426444E+1
8.927932533683E+4, 8.927932533648E+4, 4.317604625289E-6, -1.730703739369E+2, 1.103991952963E+0, 0.000000000000E+0, -1.320510010510E+2, -5.830100838414E+1, -4.101937288588E+1
8.949499599472E+4, 8.949499599446E+4, 4.495544479903E-6, -1.727738128021E+2, 1.103991952963E+0, 0.000000000000E+0, -1.320669546998E+2, -5.795082947725E+1, -4.070685810225E+1
8.971118764482E+4, 8.971118764496E+4, 4.690533648971E-6, -1.655331691650E+2, 1.103991952963E+0, 0.000000000000E+0, -1.320747547213E+2, -5.758334041890E+1, -3.345841444374E+1
8.992790154568E+4, 8.992790154586E+4, 4.932248238058E-6, -1.716499365072E+2, 1.103991952963E+0, 0.000000000000E+0, -1.320847594985E+2, -5.714528265427E+1, -3.956517700871E+1
9.014513895889E+4, 9.014513895877E+4, 4.853374313922E-6, -1.737278853148E+2, 1.103991952963E+0, 0.000000000000E+0, -1.320859846342E+2, -5.728477973843E+1, -4.164190068058E+1
9.036290114909E+4, 9.036290114903E+4, 5.231214093681E-6, -1.708160015941E+2, 1.103991952963E+0, 0.000000000000E+0, -1.321024797000E+2, -5.663465806472E+1, -3.871352189415E+1
9.058118938398E+4, 9.058118938420E+4, 5.186149227981E-6, -1.698729702354E+2, 1.103991952963E+0, 0.000000000000E+0, -1.321119426071E+2, -5.671027749471E+1, -3.776102762830E+1
9.080000493432E+4, 9.080000493409E+4, 5.229479254588E-6, -1.673380742240E+2, 1.103991952963E+0, 0.000000000000E+0, -1.321114543798E+2, -5.663802244251E+1, -3.522661984418E+1
9.101934907393E+4, 9.101934907374E+4, 5.130238973135E-6, -1.748765338486E+2, 1.103991952963E+0, 0.000000000000E+0, -1.321076116254E+2, -5.680310893594E+1, -4.276892222318E+1
9.123922307971E+4, 9.123922307968E+4, 5.159294323600E-6, -1.735925537655E+2, 1.103991952963E+0, 0.000000000000E+0, -1.321211587647E+2, -5.675361379851E+1, -4.147139500078E+1
9.145962823167E+4, 9.145962823141E+4, 5.926337802825E-6, 1.798140347306E+2, 1.103991952963E+0, 0.000000000000E+0, -1.321297604818E+2, -5.554728210369E+1, -4.805620478765E+1
9.168056581287E+4, 9.168056581291E+4, 4.778578924770E-6, -1.713999809668E+2, 1.103991952963E+0, 0.000000000000E+0, -1.321282200213E+2, -5.742058084479E+1, -3.927176094552E+1
9.190203710951E+4, 9.190203710968E+4, 5.343489827142E-6, -1.785257215771E+2, 1.103991952963E+0, 0.000000000000E+0, -1.321476977861E+2, -5.644973774473E+1, -4.637802379099E+1
9.212404341086E+4, 9.212404341092E+4, 5.798363867873E-6, -1.774669182772E+2, 1.103991952963E+0, 0.000000000000E+0, -1.321558566203E+2, -5.573898325591E+1, -4.531106165689E+1
9.234658600933E+4, 9.234658600956E+4, 6.051672827836E-6, -1.741981523304E+2, 1.103991952963E+0, 0.000000000000E+0, -1.321585149978E+2, -5.536815666974E+1, -4.203963733259E+1
9.256966620044E+4, 9.256966620079E+4, 5.583817773791E-6, -1.767194999509E+2, 1.103991952963E+0, 0.000000000000E+0, -1.321570119739E+2, -5.606442139746E+1, -4.456248797704E+1
9.279328528286E+4, 9.279328528276E+4, 6.379112862584E-6, -1.766008689860E+2, 1.103991952963E+0, 0.000000000000E+0, -1.321795222890E+2, -5.490955507290E+1, -4.442134669702E+1
9.301744455836E+4, 9.301744455811E+4, 6.513010511435E-6, 1.769936514594E+2, 1.103991952963E+0, 0.000000000000E+0, -1.321837253550E+2, -5.472728230511E+1, -5.082262318559E+1
9.324214533189E+4, 9.324214533173E+4, 6.462911189519E-6, 1.794170383356E+2, 1.103991952963E+0, 0.000000000000E+0, -1.321888584619E+2, -5.479556115922E+1, -4.839410320255E+1
9.346738891154E+4, 9.346738891146E+4, 7.654291274210E-6, 1.739450828321E+2, 1.103991952963E+0, 0.000000000000E+0, -1.322086802566E+2, -5.332190672093E+1, -5.384623691129E+1
9.369317660855E+4, 9.369317660891E+4, 6.060099816386E-6, 1.585028553677E+2, 1.103991952963E+0, 0.000000000000E+0, -1.321895256196E+2, -5.535014353850E+1, -6.930761901265E+1
9.391950973733E+4, 9.391950973715E+4, 6.449328803022E-6, 1.729951631555E+2, 1.103991952963E+0, 0.000000000000E+0, -1.321990171059E+2, -5.481145363968E+1, -5.480581973864E+1
9.414638961548E+4, 9.414638961523E+4, 7.179909144647E-6, 1.688070388725E+2, 1.103991952963E+0, 0.000000000000E+0, -1.322298107780E+2, -5.387984295459E+1, -5.896315034954E+1
9.437381756378E+4, 9.437381756371E+4, 6.795083075897E-6, 1.658995788077E+2, 1.103991952963E+0, 0.000000000000E+0, -1.322199272935E+2, -5.435673512089E+1, -6.188049389885E+1
9.460179490618E+4, 9.460179490610E+4, 7.737632964824E-6, 1.694448643203E+2, 1.103991952963E+0, 0.000000000000E+0, -1.322412945234E+2, -5.322854256450E+1, -5.831384115625E+1
9.483032296986E+4, 9.483032296966E+4, 7.025744502846E-6, 1.627975900032E+2, 1.103991952963E+0, 0.000000000000E+0, -1.322133005871E+2, -5.406342555147E+1, -6.498910940968E+1
9.505940308517E+4, 9.505940308539E+4, 5.224514476407E-6, 1.620398033860E+2, 1.103991952963E+0, 0.000000000000E+0, -1.322052880008E+2, -5.663988113865E+1, -6.575490861326E+1
9.528903658570E+4, 9.528903658577E+4, 7.049828224944E-6, 1.748164386562E+2, 1.103991952963E+0, 0.000000000000E+0, -1.322320189840E+2, -5.403688581959E+1, -5.295154235984E+1
9.551922480826E+4, 9.551922480849E+4, 7.068937266675E-6, -1.702877019342E+2, 1.103991952963E+0, 0.000000000000E+0, -1.322787183563E+2, -5.401801181925E+1, -3.800898357797E+1
9.574996909288E+4, 9.574996909276E+4, 6.735207471146E-6, 1.770732305000E+2, 1.103991952963E+0, 0.000000000000E+0, -1.322614329047E+2, -5.443574629484E+1, -5.066533659533E+1
9.598127078282E+4, 9.598127078299E+4, 7.212272133659E-6, -1.794589364010E+2, 1.103991952963E+0, 0.000000000000E+0, -1.322805892016E+2, -5.384021801343E+1, -4.717834719938E+1
9.621313122461E+4, 9.621313122434E+4, 8.039418169867E-6, 1.684385297580E+2, 1.103991952963E+0, 0.000000000000E+0, -1.322820468752E+2, -5.289254796099E+1, -5.927942336674E+1
9.644555176801E+4, 9.644555176795E+4, 9.426758784552E-6, 1.699078630509E+2, 1.103991952963E+0, 0.000000000000E+0, -1.323167903778E+2, -5.150919189650E+1, -5.777534657134E+1
9.667853376605E+4, 9.667853376570E+4, 7.972945684768E-6, 1.534772174014E+2, 1.103991952963E+0, 0.000000000000E+0, -1.322591252974E+2, -5.296122686051E+1, -7.426365730122E+1
9.691207857503E+4, 9.691207857468E+4, 8.367150040730E-6, 1.675667522975E+2, 1.103991952963E+0, 0.000000000000E+0, -1.323010361587E+2, -5.254909052366E+1, -6.013221154380E+1
9.714618755452E+4, 9.714618755424E+4, 9.151261005820E-6, 1.655427846496E+2, 1.103991952963E+0, 0.000000000000E+0, -1.323366248781E+2, -5.176706567915E+1, -6.212059047228E+1
9.738086206738E+4, 9.738086206745E+4, 1.072288914402E-5, 1.679476724070E+2, 1.103991952963E+0, 0.000000000000E+0, -1.323471141014E+2, -5.038928865402E+1, -5.970521349159E+1
9.761610347976E+4, 9.761610347962E+4, 1.194370421175E-5, 1.574236914772E+2, 1.103991952963E+0, 0.000000000000E+0, -1.323471895876E+2, -4.944575119819E+1, -7.022911893513E+1
9.785191316110E+4, 9.785191316126E+4, 1.089105613521E-5, 1.521864126696E+2, 1.103991952963E+0, 0.000000000000E+0, -1.323279158700E+2, -5.024698417739E+1, -7.548567146035E+1
9.808829248418E+4, 9.808829248442E+4, 1.226283889061E-5, 1.477676117865E+2, 1.103991952963E+0, 0.000000000000E+0, -1.323544209029E+2, -4.921359338289E+1, -7.987796731061E+1
9.832524282505E+4, 9.832524282483E+4, 1.345964995206E-5, 1.381410110125E+2, 1.103991952963E+0, 0.000000000000E+0, -1.323289971190E+2, -4.840002616047E+1, -8.952999186854E+1
9.856276556313E+4, 9.856276556349E+4, 1.395725561659E-5, 1.431062903152E+2, 1.103991952963E+0, 0.000000000000E+0, -1.323463759700E+2, -4.808451138259E+1, -8.454733371481E+1
9.880086208114E+4, 9.880086208135E+4, 1.392205097141E-5, 1.276684610698E+2, 1.103991952963E+0, 0.000000000000E+0, -1.323112249269E+2, -4.810017796637E+1, -1.000203140033E+2
9.903953376515E+4, 9.903953376536E+4, 1.283401930076E-5, 1.206295998154E+2, 1.103991952963E+0, 0.000000000000E+0, -1.322883070392E+2, -4.880919337118E+1, -1.070820931453E+2
9.927878200458E+4, 9.927878200472E+4, 1.159600231027E-5, 1.057835387280E+2, 1.103991952963E+0, 0.000000000000E+0, -1.322412720964E+2, -4.969405800344E+1, -1.219751891756E+2
9.951860819221E+4, 9.951860819232E+4, 7.574018278934E-6, 1.123881419316E+2, 1.103991952963E+0, 0.000000000000E+0, -1.322642951489E+2, -5.340284261716E+1, -1.153475629195E+2
9.975901372418E+4, 9.975901372407E+4, 7.723841236289E-6, 1.353539076904E+2, 1.103991952963E+0, 0.000000000000E+0, -1.323129292511E+2, -5.323460791884E+1, -9.233316305852E+1
1.000000000000E+5, 1.000000000003E+5, 9.419994481158E-6, 1.189669668118E+2, 1.103991952963E+0, 0.000000000000E+0, -1.323352049162E+2, -5.150944682676E+1, -1.086978282720E+2
