1.000000000000E+3, 1.000000000033E+3, 2.357952494144E-5, -3.366871951998E+1, 1.103991952963E+0, 0.000000000000E+0, 8.524754720902E+1, -2.800766170884E+1, -1.189162667290E+2
1.029076937748E+3, 1.029076937797E+3, 2.490567957890E-5, -3.510720454930E+1, 1.103991952963E+0, 0.000000000000E+0, 8.450644538062E+1, -2.762430966737E+1, -1.196136499299E+2
1.058999343804E+3, 1.058999343577E+3, 2.544563043701E-5, -3.466205330647E+1, 1.103991952963E+0, 0.000000000000E+0, 8.375520973294E+1, -2.751930305307E+1, -1.184172630394E+2
1.089791801798E+3, 1.089791801867E+3, 2.627487179279E-5, -3.591473055120E+1, 1.103991952963E+0, 0.000000000000E+0, 8.303803356466E+1, -2.732555920497E+1, -1.189527641159E+2
1.121479610177E+3, 1.121479610404E+3, 2.602014856057E-5, -3.671193899558E+1, 1.103991952963E+0, 0.000000000000E+0, 8.227189773163E+1, -2.748338642751E+1, -1.189838367272E+2
1.154088802987E+3, 1.154088803297E+3, 2.536326232413E-5, -3.641232996205E+1, 1.103991952963E+0, 0.000000000000E+0, 8.153670247614E+1, -2.777041736236E+1, -1.179490324382E+2
1.187646171267E+3, 1.187646171168E+3, 2.601356860428E-5, -4.037232277039E+1, 1.103991952963E+0, 0.000000000000E+0, 8.078182570525E+1, -2.762696052449E+1, -1.211541484756E+2
1.222179285055E+3, 1.222179285030E+3, 2.571273353258E-5, -3.978022116393E+1, 1.103991952963E+0, 0.000000000000E+0, 8.008725322344E+1, -2.779130904753E+1, -1.198674743874E+2
1.257716516042E+3, 1.257716515681E+3, 2.440274163295E-5, -4.519491784374E+1, 1.103991952963E+0, 0.000000000000E+0, 7.945139273026E+1, -2.829649786860E+1, -1.246463105740E+2
1.294287060883E+3, 1.294287060567E+3, 2.638035591941E-5, -4.131921151186E+1, 1.103991952963E+0, 0.000000000000E+0, 7.868116222781E+1, -2.769883795251E+1, -1.200003737397E+2
1.331920965180E+3, 1.331920965413E+3, 2.760062645420E-5, -4.461113506663E+1, 1.103991952963E+0, 0.000000000000E+0, 7.795519073504E+1, -2.737513851371E+1, -1.225663258017E+2
1.370649148169E+3, 1.370649148100E+3, 2.641766279710E-5, -4.318317114501E+1, 1.103991952963E+0, 0.000000000000E+0, 7.731524674903E+1, -2.779784310230E+1, -1.204984178940E+2
1.410503428124E+3, 1.410503427763E+3, 2.749598486982E-5, -4.319521706474E+1, 1.103991952963E+0, 0.000000000000E+0, 7.667206826175E+1, -2.751235321110E+1, -1.198672853265E+2
1.451516548496E+3, 1.451516548663E+3, 2.776005553082E-5, -4.451318093988E+1, 1.103991952963E+0, 0.000000000000E+0, 7.601737223665E+1, -2.748176561609E+1, -1.205305531765E+2
1.493722204816E+3, 1.493722204806E+3, 2.725004929748E-5, -4.587242095235E+1, 1.103991952963E+0, 0.000000000000E+0, 7.533061101439E+1, -2.768869518755E+1, -1.212030319667E+2
1.537155072378E+3, 1.537155072029E+3, 2.758504259581E-5, -4.520101604813E+1, 1.103991952963E+0, 0.000000000000E+0, 7.474228564427E+1, -2.763188735504E+1, -1.199433016924E+2
1.581850834726E+3, 1.581850834853E+3, 2.827779935916E-5, -4.787445297805E+1, 1.103991952963E+0, 0.000000000000E+0, 7.406094582374E+1, -2.746837542430E+1, -1.219353988018E+2
1.627846212973E+3, 1.627846213346E+3, 2.946925051423E-5, -4.637534662041E+1, 1.103991952963E+0, 0.000000000000E+0, 7.354421574674E+1, -2.716091165052E+1, -1.199195623671E+2
1.675178995970E+3, 1.675178995946E+3, 2.894046206605E-5, -4.900559055668E+1, 1.103991952963E+0, 0.000000000000E+0, 7.288340035404E+1, -2.735666040058E+1, -1.218889909107E+2
1.723888071352E+3, 1.723888071545E+3, 2.768467009240E-5, -4.989187011478E+1, 1.103991952963E+0, 0.000000000000E+0, 7.226314039841E+1, -2.776931297002E+1, -1.221550105132E+2
1.774013457486E+3, 1.774013457840E+3, 2.909499225793E-5, -5.213920510655E+1, 1.103991952963E+0, 0.000000000000E+0, 7.167802971131E+1, -2.738762656755E+1, -1.238172348179E+2
1.825596336353E+3, 1.825596336396E+3, 2.887866793188E-5, -5.078471902043E+1, 1.103991952963E+0, 0.000000000000E+0, 7.113935104908E+1, -2.748387810072E+1, -1.219240700695E+2
1.878679087377E+3, 1.878679087710E+3, 2.941855673856E-5, -5.387374082079E+1, 1.103991952963E+0, 0.000000000000E+0, 7.055555868905E+1, -2.736262325678E+1, -1.244292995098E+2
1.933305322248E+3, 1.933305322552E+3, 2.869229910692E-5, -5.193446851806E+1, 1.103991952963E+0, 0.000000000000E+0, 7.005552699198E+1, -2.760878119555E+1, -1.219899955100E+2
1.989519920750E+3, 1.989519920755E+3, 3.116933266053E-5, -5.253160766587E+1, 1.103991952963E+0, 0.000000000000E+0, 6.953022054265E+1, -2.693771561466E+1, -1.220618282085E+2
2.047369067633E+3, 2.047369067775E+3, 2.971194413583E-5, -5.387159123515E+1, 1.103991952963E+0, 0.000000000000E+0, 6.896934632746E+1, -2.737270619930E+1, -1.228409375626E+2
2.106900290559E+3, 2.106900290499E+3, 2.945002177215E-5, -5.406822509720E+1, 1.103991952963E+0, 0.000000000000E+0, 6.847408665381E+1, -2.748105707643E+1, -1.225423117510E+2
2.168162499147E+3, 2.168162499032E+3, 2.980398154950E-5, -5.473571156414E+1, 1.103991952963E+0, 0.000000000000E+0, 6.797732304871E+1, -2.740383777748E+1, -1.227130346128E+2
2.231206025162E+3, 2.231206025485E+3, 2.925876201974E-5, -5.612140839271E+1, 1.103991952963E+0, 0.000000000000E+0, 6.744515841057E+1, -2.758706704332E+1, -1.235665668033E+2
2.296082663857E+3, 2.296082663520E+3, 3.004374135306E-5, -5.794919089576E+1, 1.103991952963E+0, 0.000000000000E+0, 6.694227318223E+1, -2.738752102292E+1, -1.248914640780E+2
2.362845716537E+3, 2.362845716846E+3, 2.989242023469E-5, -5.590386080959E+1, 1.103991952963E+0, 0.000000000000E+0, 6.655495392194E+1, -2.745084472300E+1, -1.224588147315E+2
2.431550034344E+3, 2.431550034281E+3, 3.068100768626E-5, -5.612111472311E+1, 1.103991952963E+0, 0.000000000000E+0, 6.608699130215E+1, -2.725330687240E+1, -1.222081060253E+2
2.502252063322E+3, 2.502252063472E+3, 3.019463197706E-5, -5.689035393592E+1, 1.103991952963E+0, 0.000000000000E+0, 6.562862142768E+1, -2.740733046092E+1, -1.225189753636E+2
2.575009890796E+3, 2.575009890435E+3, 3.015355701704E-5, -5.765569694581E+1, 1.103991952963E+0, 0.000000000000E+0, 6.518471291704E+1, -2.744114712670E+1, -1.228404098628E+2
2.649883293090E+3, 2.649883293273E+3, 3.056038819186E-5, -5.876348170221E+1, 1.103991952963E+0, 0.000000000000E+0, 6.472903878308E+1, -2.734285103715E+1, -1.234925204853E+2
2.726933784641E+3, 2.726933784700E+3, 3.028794597202E-5, -6.079020688914E+1, 1.103991952963E+0, 0.000000000000E+0, 6.426594280805E+1, -2.743962035456E+1, -1.250561496972E+2
2.806224668539E+3, 2.806224668745E+3, 3.025682972618E-5, -6.078047476377E+1, 1.103991952963E+0, 0.000000000000E+0, 6.386336491024E+1, -2.746547541277E+1, -1.246438396740E+2
2.887821088532E+3, 2.887821088500E+3, 3.114253232829E-5, -6.145303851855E+1, 1.103991952963E+0, 0.000000000000E+0, 6.347896269859E+1, -2.723872657809E+1, -1.249320012171E+2
2.971790082549E+3, 2.971790082817E+3, 3.099453080726E-5, -6.148699987319E+1, 1.103991952963E+0, 0.000000000000E+0, 6.308717669447E+1, -2.729034458128E+1, -1.245741765677E+2
3.058200637778E+3, 3.058200637795E+3, 3.223516386063E-5, -6.021443169331E+1, 1.103991952963E+0, 0.000000000000E+0, 6.276148228638E+1, -2.696430446957E+1, -1.229759139797E+2
3.147123747342E+3, 3.147123747205E+3, 3.069033374313E-5, -6.458064908245E+1, 1.103991952963E+0, 0.000000000000E+0, 6.228009755581E+1, -2.740399734811E+1, -1.268607466383E+2
3.238632468627E+3, 3.238632468445E+3, 3.215249087088E-5, -6.386485452825E+1, 1.103991952963E+0, 0.000000000000E+0, 6.194754247779E+1, -2.700838369784E+1, -1.258123970060E+2
3.332801983304E+3, 3.332801982978E+3, 3.083646396863E-5, -6.554724450970E+1, 1.103991952963E+0, 0.000000000000E+0, 6.156750612879E+1, -2.739148859073E+1, -1.271147506385E+2
3.429709659097E+3, 3.429709658995E+3, 3.153096899357E-5, -6.455551913852E+1, 1.103991952963E+0, 0.000000000000E+0, 6.126326532668E+1, -2.721482217439E+1, -1.258187844652E+2
3.529435113347E+3, 3.529435113343E+3, 2.916417359102E-5, -6.671998779057E+1, 1.103991952963E+0, 0.000000000000E+0, 6.086461915320E+1, -2.788299347964E+1, -1.275846069438E+2
3.632060278422E+3, 3.632060278669E+3, 3.091963708459E-5, -6.673037844437E+1, 1.103991952963E+0, 0.000000000000E+0, 6.056677400504E+1, -2.740253257947E+1, -1.272971524494E+2
3.737669469032E+3, 3.737669469075E+3, 2.954812243278E-5, -6.675432324734E+1, 1.103991952963E+0, 0.000000000000E+0, 6.025956658405E+1, -2.779716184083E+1, -1.270138898314E+2
3.846349451504E+3, 3.846349451742E+3, 3.015566819760E-5, -6.707538257513E+1, 1.103991952963E+0, 0.000000000000E+0, 5.994477848646E+1, -2.763507609425E+1, -1.270201610616E+2
3.958189515061E+3, 3.958189514819E+3, 3.091985746285E-5, -6.664319204817E+1, 1.103991952963E+0, 0.000000000000E+0, 5.964941043875E+1, -2.742993840112E+1, -1.262926024869E+2
4.073281545183E+3, 4.073281545018E+3, 3.081467472753E-5, -6.791849189857E+1, 1.103991952963E+0, 0.000000000000E+0, 5.932881015240E+1, -2.747069306403E+1, -1.272473020510E+2
4.191720099100E+3, 4.191720099236E+3, 3.098727330968E-5, -6.963648890788E+1, 1.103991952963E+0, 0.000000000000E+0, 5.902268203839E+1, -2.743268488082E+1, -1.286591709463E+2
4.313602483477E+3, 4.313602483634E+3, 3.137196157835E-5, -7.006859231054E+1, 1.103991952963E+0, 0.000000000000E+0, 5.871632131681E+1, -2.733595332350E+1, -1.287849136273E+2
4.439028834356E+3, 4.439028834220E+3, 3.145921387830E-5, -6.974989662282E+1, 1.103991952963E+0, 0.000000000000E+0, 5.850251854986E+1, -2.732911675908E+1, -1.282524151727E+2
4.568102199432E+3, 4.568102199656E+3, 3.065538192769E-5, -7.141383632699E+1, 1.103991952963E+0, 0.000000000000E+0, 5.817136499623E+1, -2.754367788160E+1, -1.295852013232E+2
4.700928622709E+3, 4.700928622583E+3, 3.101868939671E-5, -7.017484379468E+1, 1.103991952963E+0, 0.000000000000E+0, 5.793191334898E+1, -2.745254610574E+1, -1.281067571437E+2
4.837617231627E+3, 4.837617231388E+3, 3.143573617926E-5, -7.073215021271E+1, 1.103991952963E+0, 0.000000000000E+0, 5.767006671317E+1, -2.734501751728E+1, -1.284022169259E+2
4.978280326718E+3, 4.978280326746E+3, 3.070948371110E-5, -7.270377303871E+1, 1.103991952963E+0, 0.000000000000E+0, 5.726017719347E+1, -2.756601936083E+1, -1.299639502322E+2
5.123033473867E+3, 5.123033474135E+3, 3.140955520935E-5, -7.196312520015E+1, 1.103991952963E+0, 0.000000000000E+0, 5.714893598582E+1, -2.736312207506E+1, -1.291120611860E+2
5.271995599265E+3, 5.271995599330E+3, 3.143579636861E-5, -7.390898085240E+1, 1.103991952963E+0, 0.000000000000E+0, 5.686460001240E+1, -2.736470853885E+1, -1.307735808648E+2
5.425289087110E+3, 5.425289086887E+3, 3.147846266781E-5, -7.359066895836E+1, 1.103991952963E+0, 0.000000000000E+0, 5.665034633761E+1, -2.735435860306E+1, -1.302410152960E+2
5.583039880158E+3, 5.583039880115E+3, 3.201672342151E-5, -7.293718793868E+1, 1.103991952963E+0, 0.000000000000E+0, 5.646112299812E+1, -2.721629198009E+1, -1.293983109368E+2
5.745377583195E+3, 5.745377583288E+3, 3.165468756690E-5, -7.450854811115E+1, 1.103991952963E+0, 0.000000000000E+0, 5.621265477055E+1, -2.731562023668E+1, -1.307212028817E+2
5.912435569518E+3, 5.912435569826E+3, 3.251315806379E-5, -7.512157067364E+1, 1.103991952963E+0, 0.000000000000E+0, 5.597945341623E+1, -2.709823052239E+1, -1.311010240899E+2
6.084351090509E+3, 6.084351090472E+3, 3.193982690097E-5, -7.651396440640E+1, 1.103991952963E+0, 0.000000000000E+0, 5.573763088143E+1, -2.724780820425E+1, -1.322515952878E+2
6.261265388402E+3, 6.261265388190E+3, 3.216508166122E-5, -7.480608501315E+1, 1.103991952963E+0, 0.000000000000E+0, 5.557565838360E+1, -2.719614643803E+1, -1.303817433968E+2
6.443323812321E+3, 6.443323812313E+3, 3.232370091797E-5, -7.583021398927E+1, 1.103991952963E+0, 0.000000000000E+0, 5.536943262511E+1, -2.715733300186E+1, -1.311996466144E+2
6.630675937699E+3, 6.630675937913E+3, 3.233946792410E-5, -7.684920405721E+1, 1.103991952963E+0, 0.000000000000E+0, 5.513881927526E+1, -2.715563816532E+1, -1.319880233325E+2
6.823475689163E+3, 6.823475688904E+3, 3.279189595518E-5, -7.761997320497E+1, 1.103991952963E+0, 0.000000000000E+0, 5.494271363252E+1, -2.704283523129E+1, -1.325626868375E+2
7.021881466998E+3, 7.021881467111E+3, 3.287704379830E-5, -7.685355752785E+1, 1.103991952963E+0, 0.000000000000E+0, 5.476432808975E+1, -2.702147080924E+1, -1.316178856176E+2
7.226056277284E+3, 7.226056277609E+3, 3.272128329734E-5, -7.755488098604E+1, 1.103991952963E+0, 0.000000000000E+0, 5.459521437274E+1, -2.706625003776E+1, -1.321500953588E+2
7.436167865819E+3, 7.436167866004E+3, 3.290707855332E-5, -7.915239846433E+1, 1.103991952963E+0, 0.000000000000E+0, 5.435012919489E+1, -2.702237195738E+1, -1.335025276592E+2
7.652388855933E+3, 7.652388855703E+3, 3.310897753193E-5, -7.930262566337E+1, 1.103991952963E+0, 0.000000000000E+0, 5.420103030011E+1, -2.697234174838E+1, -1.335036559635E+2
7.874896890317E+3, 7.874896890421E+3, 3.357335189214E-5, -8.029185742248E+1, 1.103991952963E+0, 0.000000000000E+0, 5.398320314058E+1, -2.685754938412E+1, -1.342750605631E+2
8.103874776965E+3, 8.103874776673E+3, 3.302805380956E-5, -8.154816658784E+1, 1.103991952963E+0, 0.000000000000E+0, 5.379670990342E+1, -2.699840599935E+1, -1.353448764913E+2
8.339510639368E+3, 8.339510639708E+3, 3.435935067264E-5, -8.077440656473E+1, 1.103991952963E+0, 0.000000000000E+0, 5.365413119850E+1, -2.666800398907E+1, -1.344285377632E+2
8.581998071074E+3, 8.581998071229E+3, 3.372845565560E-5, -8.169589724949E+1, 1.103991952963E+0, 0.000000000000E+0, 5.346805483275E+1, -2.682606791605E+1, -1.351639520822E+2
8.831536294735E+3, 8.831536295020E+3, 3.401956336040E-5, -8.348133341565E+1, 1.103991952963E+0, 0.000000000000E+0, 5.329930407508E+1, -2.675466813029E+1, -1.367806374907E+2
9.088330325792E+3, 9.088330325859E+3, 3.440894659093E-5, -8.354862323583E+1, 1.103991952963E+0, 0.000000000000E+0, 5.312550903641E+1, -2.665839456427E+1, -1.366741322722E+2
9.352591140904E+3, 9.352591141116E+3, 3.543637590475E-5, -8.445135703798E+1, 1.103991952963E+0, 0.000000000000E+0, 5.294219175275E+1, -2.641493149804E+1, -1.373935487907E+2
9.624535851286E+3, 9.624535851600E+3, 3.461976103803E-5, -8.435324286398E+1, 1.103991952963E+0, 0.000000000000E+0, 5.282554820594E+1, -2.661251626569E+1, -1.371787910699E+2
9.904387881082E+3, 9.904387881363E+3, 3.561756115379E-5, -8.570537590126E+1, 1.103991952963E+0, 0.000000000000E+0, 5.261275467675E+1, -2.637530549064E+1, -1.383181305780E+2
1.019237715093E+4, 1.019237715123E+4, 3.560755135185E-5, -8.591667698239E+1, 1.103991952963E+0, 0.000000000000E+0, 5.249131741242E+1, -2.637933109251E+1, -1.384079943948E+2
1.048874026684E+4, 1.048874026683E+4, 3.568933573217E-5, -8.514955965660E+1, 1.103991952963E+0, 0.000000000000E+0, 5.235129016960E+1, -2.636680913958E+1, -1.375008498262E+2
1.079372071463E+4, 1.079372071477E+4, 3.582679321561E-5, -8.723103487845E+1, 1.103991952963E+0, 0.000000000000E+0, 5.218323308449E+1, -2.633175329571E+1, -1.394142679629E+2
1.110756905992E+4, 1.110756905963E+4, 3.682598192633E-5, -8.842184435794E+1, 1.103991952963E+0, 0.000000000000E+0, 5.200835149781E+1, -2.610177854978E+1, -1.404301958558E+2
1.143054315400E+4, 1.143054315435E+4, 3.736837677891E-5, -8.850385840210E+1, 1.103991952963E+0, 0.000000000000E+0, 5.187151247480E+1, -2.597953423717E+1, -1.403753708769E+2
1.176290834571E+4, 1.176290834540E+4, 3.740539733181E-5, -8.930435596556E+1, 1.103991952963E+0, 0.000000000000E+0, 5.171641699803E+1, -2.597202102451E+1, -1.410207729636E+2
1.210493769940E+4, 1.210493769957E+4, 3.816010527977E-5, -9.025625946723E+1, 1.103991952963E+0, 0.000000000000E+0, 5.155357653371E+1, -2.580385521204E+1, -1.418098360009E+2
1.245691221933E+4, 1.245691221960E+4, 3.825370642747E-5, -9.097548100721E+1, 1.103991952963E+0, 0.000000000000E+0, 5.141256037358E+1, -2.578423618874E+1, -1.423880413808E+2
1.281912108045E+4, 1.281912108070E+4, 3.892437936701E-5, -9.099302842861E+1, 1.103991952963E+0, 0.000000000000E+0, 5.129493034212E+1, -2.563778783069E+1, -1.422879587707E+2
1.319186186609E+4, 1.319186186624E+4, 3.907748511558E-5, -9.232295458968E+1, 1.103991952963E+0, 0.000000000000E+0, 5.112371599684E+1, -2.560719182530E+1, -1.434466705865E+2
1.357544081234E+4, 1.357544081255E+4, 3.988971041906E-5, -9.327581435535E+1, 1.103991952963E+0, 0.000000000000E+0, 5.096961861768E+1, -2.543338470103E+1, -1.442454329730E+2
1.397017305974E+4, 1.397017305955E+4, 4.016565989054E-5, -9.380688809596E+1, 1.103991952963E+0, 0.000000000000E+0, 5.083732086098E+1, -2.537720580701E+1, -1.446442089569E+2
1.437638291212E+4, 1.437638291186E+4, 4.058720910361E-5, -9.478759217947E+1, 1.103991952963E+0, 0.000000000000E+0, 5.068453735224E+1, -2.528774864441E+1, -1.454721295317E+2
1.479440410309E+4, 1.479440410296E+4, 4.142569698436E-5, -9.580220790609E+1, 1.103991952963E+0, 0.000000000000E+0, 5.051213140808E+1, -2.511669116243E+1, -1.463143393142E+2
1.522458007020E+4, 1.522458007045E+4, 3.697373000535E-5, -1.015438303685E+2, 1.103991952963E+0, 0.000000000000E+0, 5.032547788945E+1, -2.603724280057E+1, -1.518693082579E+2
1.566726423714E+4, 1.566726423732E+4, 4.331597448105E-5, -9.710934099225E+1, 1.103991952963E+0, 0.000000000000E+0, 5.021444117718E+1, -2.474184683877E+1, -1.473237821694E+2
1.612282030403E+4, 1.612282030369E+4, 4.364567541849E-5, -9.854027912772E+1, 1.103991952963E+0, 0.000000000000E+0, 5.004896495275E+1, -2.467440780731E+1, -1.485892440805E+2
1.659162254633E+4, 1.659162254668E+4, 4.323080389330E-5, -9.864623690161E+1, 1.103991952963E+0, 0.000000000000E+0, 4.997519369895E+1, -2.475414852753E+1, -1.486214306006E+2
1.707405612224E+4, 1.707405612191E+4, 4.511116850983E-5, -9.919711243255E+1, 1.103991952963E+0, 0.000000000000E+0, 4.980397350943E+1, -2.440015670726E+1, -1.490010859420E+2
1.757051738920E+4, 1.757051738942E+4, 4.537814374087E-5, -1.009327542740E+2, 1.103991952963E+0, 0.000000000000E+0, 4.960996292958E+1, -2.434623115004E+1, -1.505427172036E+2
1.808141422952E+4, 1.808141422934E+4, 4.637883301280E-5, -1.015727275666E+2, 1.103991952963E+0, 0.000000000000E+0, 4.948133140483E+1, -2.416372945606E+1, -1.510540589715E+2
1.860716638546E+4, 1.860716638582E+4, 4.695694551749E-5, -1.017950899776E+2, 1.103991952963E+0, 0.000000000000E+0, 4.934444723530E+1, -2.405810378799E+1, -1.511395372129E+2
1.914820580411E+4, 1.914820580421E+4, 4.787664697707E-5, -1.033249759281E+2, 1.103991952963E+0, 0.000000000000E+0, 4.916731762874E+1, -2.389481278523E+1, -1.524922935568E+2
1.970497699225E+4, 1.970497699219E+4, 4.856111141603E-5, -1.047649450981E+2, 1.103991952963E+0, 0.000000000000E+0, 4.899426088097E+1, -2.377387312785E+1, -1.537592059790E+2
2.027793738157E+4, 2.027793738161E+4, 4.956937729464E-5, -1.059188854988E+2, 1.103991952963E+0, 0.000000000000E+0, 4.880579001440E+1, -2.359803949753E+1, -1.547246755132E+2
2.086755770446E+4, 2.086755770453E+4, 5.089622711528E-5, -1.060565135372E+2, 1.103991952963E+0, 0.000000000000E+0, 4.867776401047E+1, -2.338031196976E+1, -1.547342775476E+2
2.147432238077E+4, 2.147432238111E+4, 5.180167571883E-5, -1.074005768164E+2, 1.103991952963E+0, 0.000000000000E+0, 4.851181263238E+1, -2.323054468356E+1, -1.559123894488E+2
2.209872991581E+4, 2.209872991585E+4, 5.249983350966E-5, -1.081993834496E+2, 1.103991952963E+0, 0.000000000000E+0, 4.835468841886E+1, -2.311485115804E+1, -1.565540718685E+2
2.274129330987E+4, 2.274129331013E+4, 5.416539679304E-5, -1.089514091843E+2, 1.103991952963E+0, 0.000000000000E+0, 4.818239566207E+1, -2.284938218824E+1, -1.571338048463E+2
2.340254047974E+4, 2.340254048001E+4, 5.484864880051E-5, -1.099258756433E+2, 1.103991952963E+0, 0.000000000000E+0, 4.801669484825E+1, -2.274367376348E+1, -1.579425704916E+2
2.408301469240E+4, 2.408301469266E+4, 5.620351594041E-5, -1.111935927207E+2, 1.103991952963E+0, 0.000000000000E+0, 4.781317917443E+1, -2.254053130628E+1, -1.590067718951E+2
2.478327501138E+4, 2.478327501109E+4, 5.735917974014E-5, -1.119698156651E+2, 1.103991952963E+0, 0.000000000000E+0, 4.767567026176E+1, -2.236279967802E+1, -1.596454859268E+2
2.550389675607E+4, 2.550389675587E+4, 5.949453045679E-5, -1.132525330967E+2, 1.103991952963E+0, 0.000000000000E+0, 4.742691688894E+1, -2.205294641590E+1, -1.606794499857E+2
2.624547197436E+4, 2.624547197449E+4, 5.998747714390E-5, -1.139903398444E+2, 1.103991952963E+0, 0.000000000000E+0, 4.729421477124E+1, -2.198236517329E+1, -1.612845546156E+2
2.700860992912E+4, 2.700860992924E+4, 6.174539934419E-5, -1.151720772578E+2, 1.103991952963E+0, 0.000000000000E+0, 4.707704626505E+1, -2.173642610960E+1, -1.622491235228E+2
2.779393759867E+4, 2.779393759859E+4, 6.305830132461E-5, -1.159986912144E+2, 1.103991952963E+0, 0.000000000000E+0, 4.688671537936E+1, -2.155847966389E+1, -1.628854065938E+2
2.860210019199E+4, 2.860210019197E+4, 6.513299490116E-5, -1.170495701287E+2, 1.103991952963E+0, 0.000000000000E+0, 4.666579998095E+1, -2.128113319181E+1, -1.637153701096E+2
2.943376167872E+4, 2.943376167874E+4, 6.662545164220E-5, -1.178960509849E+2, 1.103991952963E+0, 0.000000000000E+0, 4.647435410281E+1, -2.109228286257E+1, -1.643704050877E+2
3.028960533472E+4, 3.028960533506E+4, 6.847861913958E-5, -1.191145451344E+2, 1.103991952963E+0, 0.000000000000E+0, 4.624516005953E+1, -2.085871441173E+1, -1.653597051939E+2
3.117033430344E+4, 3.117033430343E+4, 7.074919478928E-5, -1.200062594545E+2, 1.103991952963E+0, 0.000000000000E+0, 4.600990776350E+1, -2.058323253728E+1, -1.660161672180E+2
3.207667217355E+4, 3.207667217389E+4, 7.243058565090E-5, -1.208444132250E+2, 1.103991952963E+0, 0.000000000000E+0, 4.581049244328E+1, -2.038392511043E+1, -1.666549056683E+2
3.300936357348E+4, 3.300936357341E+4, 7.394998521458E-5, -1.219809766554E+2, 1.103991952963E+0, 0.000000000000E+0, 4.558296243705E+1, -2.020008097612E+1, -1.675639390925E+2
3.396917478320E+4, 3.396917478291E+4, 7.647735941150E-5, -1.227164559519E+2, 1.103991952963E+0, 0.000000000000E+0, 4.534887537599E+1, -1.991565751875E+1, -1.680653313279E+2
3.495689436370E+4, 3.495689436392E+4, 7.797743644920E-5, -1.238984823197E+2, 1.103991952963E+0, 0.000000000000E+0, 4.512771043247E+1, -1.974587991513E+1, -1.690261927522E+2
3.597333380496E+4, 3.597333380469E+4, 8.103069224106E-5, -1.247895148247E+2, 1.103991952963E+0, 0.000000000000E+0, 4.485124367139E+1, -1.942753299102E+1, -1.696407584960E+2
3.701932819258E+4, 3.701932819244E+4, 8.296301402984E-5, -1.257994369589E+2, 1.103991952963E+0, 0.000000000000E+0, 4.462345083760E+1, -1.922224082574E+1, -1.704228877965E+2
3.809573689389E+4, 3.809573689370E+4, 8.584466800127E-5, -1.268203710280E+2, 1.103991952963E+0, 0.000000000000E+0, 4.432457602173E+1, -1.893502307012E+1, -1.711449470497E+2
3.920344426400E+4, 3.920344426390E+4, 8.733853660591E-5, -1.279354486215E+2, 1.103991952963E+0, 0.000000000000E+0, 4.410387294788E+1, -1.877812264765E+1, -1.720393215694E+2
4.034336037235E+4, 4.034336037250E+4, 9.081054678380E-5, -1.287963736577E+2, 1.103991952963E+0, 0.000000000000E+0, 4.378347483500E+1, -1.844816430526E+1, -1.725798484927E+2
4.151642175042E+4, 4.151642175056E+4, 9.345621995497E-5, -1.301142468171E+2, 1.103991952963E+0, 0.000000000000E+0, 4.349568133107E+1, -1.819907583669E+1, -1.736099281481E+2
4.272359216115E+4, 4.272359216145E+4, 9.603503132142E-5, -1.307048991976E+2, 1.103991952963E+0, 0.000000000000E+0, 4.322978000018E+1, -1.796851890007E+1, -1.739346791978E+2
4.396586339077E+4, 4.396586339091E+4, 9.928699555514E-5, -1.317140456566E+2, 1.103991952963E+0, 0.000000000000E+0, 4.290502585706E+1, -1.768421305906E+1, -1.746190715136E+2
4.524425606360E+4, 4.524425606327E+4, 1.021625618286E-4, -1.326725951806E+2, 1.103991952963E+0, 0.000000000000E+0, 4.261728019243E+1, -1.743861778235E+1, -1.752898753731E+2
4.655982048060E+4, 4.655982048078E+4, 1.057724952070E-4, -1.335724505080E+2, 1.103991952963E+0, 0.000000000000E+0, 4.226007588879E+1, -1.714314054571E+1, -1.758325263968E+2
4.791363748225E+4, 4.791363748232E+4, 1.097222266537E-4, -1.346959670196E+2, 1.103991952963E+0, 0.000000000000E+0, 4.189115023047E+1, -1.682883209514E+1, -1.765871172501E+2
4.930681933657E+4, 4.930681933647E+4, 1.135210423033E-4, -1.355477878271E+2, 1.103991952963E+0, 0.000000000000E+0, 4.153134660755E+1, -1.653832480834E+1, -1.770791344347E+2
5.074051065295E+4, 5.074051065318E+4, 1.175868730866E-4, -1.365875038096E+2, 1.103991952963E+0, 0.000000000000E+0, 4.113449492489E+1, -1.623641318439E+1, -1.777219987344E+2
5.221588932248E+4, 5.221588932233E+4, 1.219017227767E-4, -1.376046447144E+2, 1.103991952963E+0, 0.000000000000E+0, 4.071466746255E+1, -1.592669147969E+1, -1.783193121770E+2
5.373416748574E+4, 5.373416748590E+4, 1.251936824762E-4, -1.387111854424E+2, 1.103991952963E+0, 0.000000000000E+0, 4.038463918476E+1, -1.569098405996E+1, -1.790958246272E+2
5.529659252864E+4, 5.529659252868E+4, 1.305299632273E-4, -1.396950152553E+2, 1.103991952963E+0, 0.000000000000E+0, 3.990821049296E+1, -1.533777269100E+1, -1.796032257482E+2
5.690444810724E+4, 5.690444810718E+4, 1.337050988220E-4, -1.405364489215E+2, 1.103991952963E+0, 0.000000000000E+0, 3.958675343450E+1, -1.512569220140E+1, -1.801232023560E+2
5.855905520241E+4, 5.855905520225E+4, 1.404914144402E-4, -1.415143014808E+2, 1.103991952963E+0, 0.000000000000E+0, 3.899837268623E+1, -1.470379898193E+1, -1.805126741670E+2
6.026177320509E+4, 6.026177320543E+4, 1.439202287919E-4, -1.425125280035E+2, 1.103991952963E+0, 0.000000000000E+0, 3.863291753755E+1, -1.448831695158E+1, -1.811454455411E+2
6.201400103312E+4, 6.201400103279E+4, 1.512898821703E-4, -1.433604842997E+2, 1.103991952963E+0, 0.000000000000E+0, 3.802526837188E+1, -1.407013690767E+1, -1.813857526716E+2
6.381717828064E+4, 6.381717828063E+4, 1.548612042237E-4, -1.444408998585E+2, 1.103991952963E+0, 0.000000000000E+0, 3.762735770764E+1, -1.385733743805E+1, -1.820682575661E+2
6.567278640072E+4, 6.567278640048E+4, 1.640512983260E-4, -1.454954810487E+2, 1.103991952963E+0, 0.000000000000E+0, 3.687773699438E+1, -1.337220292217E+1, -1.823732180431E+2
6.758234992260E+4, 6.758234992272E+4, 1.666651813207E-4, -1.461755132841E+2, 1.103991952963E+0, 0.000000000000E+0, 3.660149891185E+1, -1.323126766365E+1, -1.827770121960E+2
6.954743770413E+4, 6.954743770397E+4, 1.769625073302E-4, -1.471149940342E+2, 1.103991952963E+0, 0.000000000000E+0, 3.574930865387E+1, -1.272781442393E+1, -1.828643026881E+2
7.156966422075E+4, 7.156966422077E+4, 1.811614259802E-4, -1.480036521286E+2, 1.103991952963E+0, 0.000000000000E+0, 3.533282618611E+1, -1.251369926352E+1, -1.833364783147E+2
7.365069089191E+4, 7.365069089165E+4, 1.929284012721E-4, -1.490657025170E+2, 1.103991952963E+0, 0.000000000000E+0, 3.437750801039E+1, -1.198545322961E+1, -1.834432105274E+2
7.579222744604E+4, 7.579222744614E+4, 1.977806031315E-4, -1.497522188825E+2, 1.103991952963E+0, 0.000000000000E+0, 3.392764839703E+1, -1.176955511850E+1, -1.836798672796E+2
7.799603332523E+4, 7.799603332515E+4, 2.074936960798E-4, -1.508592757115E+2, 1.103991952963E+0, 0.000000000000E+0, 3.309344835536E+1, -1.135666170129E+1, -1.839527240669E+2
8.026391913078E+4, 8.026391913059E+4, 2.159910599448E-4, -1.518622989040E+2, 1.103991952963E+0, 0.000000000000E+0, 3.235649737346E+1, -1.100684504795E+1, -1.842187962775E+2
8.259774811071E+4, 8.259774811080E+4, 2.278211627590E-4, -1.529529115640E+2, 1.103991952963E+0, 0.000000000000E+0, 3.138183031158E+1, -1.055384913666E+1, -1.843347418756E+2
8.499943769061E+4, 8.499943769070E+4, 2.358225797876E-4, -1.537621470813E+2, 1.103991952963E+0, 0.000000000000E+0, 3.068325562193E+1, -1.025635584714E+1, -1.844454027032E+2
8.747096104891E+4, 8.747096104905E+4, 2.522093072180E-4, -1.545980515645E+2, 1.103991952963E+0, 0.000000000000E+0, 2.941623292717E+1, -9.707150334324E+0, -1.840142844917E+2
9.001434873805E+4, 9.001434873809E+4, 2.610752826948E-4, -1.554518775225E+2, 1.103991952963E+0, 0.000000000000E+0, 2.865074629269E+1, -9.407961462136E+0, -1.841026238152E+2
9.263169035269E+4, 9.263169035258E+4, 2.797651014840E-4, -1.563539325379E+2, 1.103991952963E+0, 0.000000000000E+0, 2.720090836499E+1, -8.845004641546E+0, -1.835548409029E+2
9.532513624652E+4, 9.532513624642E+4, 2.991961315675E-4, -1.571736271391E+2, 1.103991952963E+0, 0.000000000000E+0, 2.573330720995E+1, -8.306849561459E+0, -1.829069343490E+2
9.809689929893E+4, 9.809689929867E+4, 3.153873179589E-4, -1.572123774241E+2, 1.103991952963E+0, 0.000000000000E+0, 2.459977972637E+1, -7.924025720652E+0, -1.818121571504E+2
1.009492567331E+5, 1.009492567332E+5, 3.296985098504E-4, -1.596384610306E+2, 1.103991952963E+0, 0.000000000000E+0, 2.318924109293E+1, -7.469306103223E+0, -1.828277021235E+2
1.038845519868E+5, 1.038845519868E+5, 3.537268348569E-4, -1.606888480748E+2, 1.103991952963E+0, 0.000000000000E+0, 2.136469098750E+1, -6.904493652523E+0, -1.820535390623E+2
1.069051966378E+5, 1.069051966378E+5, 3.725265395620E-4, -1.616678045172E+2, 1.103991952963E+0, 0.000000000000E+0, 1.987435967143E+1, -6.481793383530E+0, -1.815421641886E+2
1.100136723853E+5, 1.100136723854E+5, 4.026369454373E-4, -1.627548054092E+2, 1.103991952963E+0, 0.000000000000E+0, 1.763034501943E+1, -5.877421717475E+0, -1.803851504286E+2
1.132125330886E+5, 1.132125330887E+5, 4.269786774165E-4, -1.635723383689E+2, 1.103991952963E+0, 0.000000000000E+0, 1.584151716842E+1, -5.431972932419E+0, -1.794138555374E+2
1.165044068655E+5, 1.165044068655E+5, 4.737319538782E-4, -1.650404422100E+2, 1.103991952963E+0, 0.000000000000E+0, 1.249728977592E+1, -4.659370458682E+0, -1.775377319860E+2
1.198919982512E+5, 1.198919982511E+5, 5.088967205262E-4, -1.659653608230E+2, 1.103991952963E+0, 0.000000000000E+0, 1.004380782934E+1, -4.150603938109E+0, -1.760091686524E+2
1.233780904208E+5, 1.233780904210E+5, 5.592153873732E-4, -1.677241062373E+2, 1.103991952963E+0, 0.000000000000E+0, 6.461438619367E+0, -3.460647178223E+0, -1.741855448567E+2
1.269655474754E+5, 1.269655474756E+5, 6.042745337815E-4, -1.690239653934E+2, 1.103991952963E+0, 0.000000000000E+0, 3.374631834078E+0, -2.929479728075E+0, -1.723985972275E+2
1.306573167954E+5, 1.306573167953E+5, 6.808819734996E-4, -1.709776407599E+2, 1.103991952963E+0, 0.000000000000E+0, -1.622787764877E+0, -2.162096690779E+0, -1.693548529950E+2
1.344564314621E+5, 1.344564314622E+5, 7.454641645487E-4, -1.718813306192E+2, 1.103991952963E+0, 0.000000000000E+0, -5.337999798773E+0, -1.679453634493E+0, -1.665433308205E+2
1.383660127495E+5, 1.383660127492E+5, 8.559290408022E-4, -1.741179868807E+2, 1.103991952963E+0, 0.000000000000E+0, -1.166646564076E+1, -9.486188631453E-1, -1.624515212399E+2
1.423892726886E+5, 1.423892726885E+5, 9.519763282154E-4, -1.755270934057E+2, 1.103991952963E+0, 0.000000000000E+0, -1.650048336823E+1, -4.895975898534E-1, -1.590266100375E+2
1.465295167065E+5, 1.465295167068E+5, 1.122106472408E-3, -1.778540654629E+2, 1.103991952963E+0, 0.000000000000E+0, -2.413718080187E+1, 1.011730239589E-1, -1.537168846610E+2
1.507901463419E+5, 1.507901463419E+5, 1.347514590690E-3, -1.786315633027E+2, 1.103991952963E+0, 0.000000000000E+0, -3.088474323847E+1, 4.258969687238E-1, -1.477468200643E+2
1.551746620400E+5, 1.551746620403E+5, 1.639605583916E-3, 1.771495430873E+2, 1.103991952963E+0, 0.000000000000E+0, -4.062205057388E+1, 8.698220259255E-1, -1.422284063388E+2
1.596866660281E+5, 1.596866660279E+5, 2.121201797296E-3, 1.731892842290E+2, 1.103991952963E+0, 0.000000000000E+0, -5.101627110478E+1, 1.087314119597E+0, -1.357944446663E+2
1.643298652753E+5, 1.643298652753E+5, 2.962567846779E-3, 1.654420765024E+2, 1.103991952963E+0, 0.000000000000E+0, -6.548919729301E+1, 1.221261983539E+0, -1.290687262046E+2
1.691080745380E+5, 1.691080745377E+5, 4.671201925718E-3, 1.516187448483E+2, 1.103991952963E+0, 0.000000000000E+0, -8.587656111746E+1, 1.159397480805E+0, -1.225046940343E+2
1.740252194940E+5, 1.740252194937E+5, 7.015930029762E-3, 1.259778775129E+2, 1.103991952963E+0, 0.000000000000E+0, -1.164081048959E+2, 1.047377586168E+0, -1.176140175912E+2
1.790853399677E+5, 1.790853399678E+5, 8.411612982771E-3, 7.585383561841E+1, 1.103991952963E+0, 0.000000000000E+0, -1.713637017150E+2, 7.722141968985E-1, -1.127824626666E+2
1.842925932494E+5, 1.842925932493E+5, 4.991062268315E-3, 2.936209588443E+1, 1.103991952963E+0, 0.000000000000E+0, 1.367385316044E+2, 2.566363534648E-1, -1.073764357200E+2
1.896512575106E+5, 1.896512575109E+5, 3.182042148491E-3, 1.435853844678E+1, 1.103991952963E+0, 0.000000000000E+0, 1.175343348745E+2, -2.578961457795E-1, -1.031757964277E+2
1.951657353190E+5, 1.951657353193E+5, 2.362351918401E-3, 7.679846265545E+0, 1.103991952963E+0, 0.000000000000E+0, 1.075824148798E+2, -7.355153546583E-1, -9.990256861426E+1
2.008405572553E+5, 2.008405572553E+5, 1.828853424310E-3, 3.759392834061E+0, 1.103991952963E+0, 0.000000000000E+0, 1.003926493925E+2, -1.245969186171E+0, -9.663325655847E+1
2.066803856358E+5, 2.066803856356E+5, 1.569658641736E-3, 1.453952585618E+0, 1.103991952963E+0, 0.000000000000E+0, 9.602082232272E+1, -1.627362493670E+0, -9.456686973710E+1
2.126900183426E+5, 2.126900183424E+5, 1.291972657916E-3, -2.438547706989E+0, 1.103991952963E+0, 0.000000000000E+0, 8.979845898669E+1, -2.256269893511E+0, -9.223700669368E+1
2.188743927654E+5, 2.188743927653E+5, 1.153619883142E-3, -6.162115466231E+0, 1.103991952963E+0, 0.000000000000E+0, 8.527968086500E+1, -2.737318010887E+0, -9.144179633123E+1
2.252385898584E+5, 2.252385898581E+5, 1.023137082860E-3, -7.497864146775E+0, 1.103991952963E+0, 0.000000000000E+0, 8.232503721322E+1, -3.172640084655E+0, -8.982290135999E+1
2.317878383141E+5, 2.317878383140E+5, 9.335165474884E-4, -1.022625785587E+1, 1.103991952963E+0, 0.000000000000E+0, 7.907145498631E+1, -3.606896824825E+0, -8.929771284218E+1
2.385275188593E+5, 2.385275188593E+5, 8.481299092420E-4, -1.280095731770E+1, 1.103991952963E+0, 0.000000000000E+0, 7.597650566306E+1, -4.071811119817E+0, -8.877746298076E+1
2.454631686763E+5, 2.454631686760E+5, 8.044290051278E-4, -1.596182237405E+1, 1.103991952963E+0, 0.000000000000E+0, 7.334546954787E+1, -4.405739597251E+0, -8.930729192192E+1
2.526004859512E+5, 2.526004859511E+5, 7.391183543371E-4, -1.749094239083E+1, 1.103991952963E+0, 0.000000000000E+0, 7.120679992779E+1, -4.815243708958E+0, -8.869774231862E+1
2.599453345562E+5, 2.599453345559E+5, 7.056314204227E-4, -2.130682963312E+1, 1.103991952963E+0, 0.000000000000E+0, 6.853637586443E+1, -5.150245905084E+0, -8.984320549755E+1
2.675037488668E+5, 2.675037488667E+5, 6.476871058200E-4, -2.348785714695E+1, 1.103991952963E+0, 0.000000000000E+0, 6.627427630936E+1, -5.608181933648E+0, -8.976213345631E+1
2.752819387198E+5, 2.752819387195E+5, 6.226072114506E-4, -2.611741565033E+1, 1.103991952963E+0, 0.000000000000E+0, 6.445160591170E+1, -5.874112718466E+0, -9.056902156203E+1
2.832862945150E+5, 2.832862945152E+5, 5.945726373744E-4, -2.861379110677E+1, 1.103991952963E+0, 0.000000000000E+0, 6.267265126161E+1, -6.166211767172E+0, -9.128644236839E+1
2.915233924653E+5, 2.915233924650E+5, 5.660577472727E-4, -3.079332668210E+1, 1.103991952963E+0, 0.000000000000E+0, 6.105950933257E+1, -6.464544668852E+0, -9.185283601466E+1
3.000000000000E+5, 3.000000000003E+5, 5.406326679781E-4, -3.449794337641E+1, 1.103991952963E+0, 0.000000000000E+0, 5.889492803985E+1, -6.785833388677E+0, -9.339287141626E+1
